,slots,risk,taiex
20211001,1.0,1.0,1.0
20211004,1.0,1.0,0.9901912329392084
20211005,1.0024787617300772,1.0034390027606477,0.9933534046753072
20211006,1.0004382554124431,1.0006080300316778,0.9892745652164731
20211007,1.002025315881714,1.0028098977097655,1.0086277804028632
20211008,0.9871954910518423,0.9915039683553574,1.004196515697105
20211012,0.94568269230332,0.9544392203756614,0.993479529464018
20211013,0.9312487491799885,0.9411356945116867,0.9865487007638093
20211014,0.9421662318896131,0.948721399404175,0.9889197260979947
20211015,0.952909456630594,0.9581727027012799,1.0126909296965945
20211018,0.9434825760565532,0.9502456105161722,1.0081208673764657
20211019,0.9600158313529508,0.9663233639045201,1.0199011640292102
20211020,0.956669066811057,0.9640744735267963,1.0191257077923999
20211021,0.9682947097072006,0.9739082531983931,1.0192276938655678
20211022,0.9520036557089226,0.9620531234810253,1.0191812268381482
20211025,0.9550619351287708,0.9691020122087954,1.0195131341768608
20211026,0.9553606168833775,0.9708052213380388,1.0279677192957049
20211027,0.961082264399947,0.9748296355890715,1.0303942636756385
20211028,0.9821251833222936,0.9931318166628503,1.0284076473864712
20211029,0.9921194467341831,1.0005674045717012,1.025135644494653
20211101,0.9908579325954654,0.9996575188178275,1.030013475437952
20211102,0.9915212490887819,0.9998535994192238,1.0298764882272469
20211103,1.0051642624945716,1.0118989154351206,1.0332673742931129
20211104,1.0063158888412576,1.0128496763927801,1.0306543583356116
20211105,1.009763780589821,1.0159477301602897,1.043812372177958
20211108,1.0251661964192529,1.0287605635549206,1.0509574319786084
20211109,1.0213296160946648,1.025734180716502,1.0585647481819023
20211110,1.0174175828035839,1.0221545124056897,1.059668490950094
20211111,1.0144856147940797,1.0194716433728863,1.05320353945986
20211112,1.0193722281432531,1.0239430917608918,1.0571628922767577
20211115,1.0176619134710425,1.0223780848250899,1.064183637692363
20211116,1.0179062441385012,1.0226016572444903,1.0677235803267056
20211117,1.020105220145629,1.0246138090190928,1.0720027711245443
20211118,1.0301227775114348,1.0337802782145042,1.076669388306844
20211119,1.029184273609394,1.033376822472825,1.0752777913558054
20211122,1.0320451610617523,1.0355238502459623,1.0743864692843899
20211123,1.0300997575941486,1.034063871360229,1.0660936135596821
20211124,1.031930725563658,1.0354379691350368,1.0646694293426606
20211125,1.0307863705827145,1.034579158025782,1.06537367636862
20211126,1.0382246779588469,1.0401614302359388,1.0481869109021906
20211129,1.0325029030541297,1.0358673746896643,1.045694588522403
20211130,1.0317018545674692,1.035266206913186,1.0517093529677646
20211201,1.0310152415789033,1.034750920247633,1.0612580253685833
20211202,1.0302141930922428,1.0341497524711545,1.0696395908729104
20211203,1.030900806080809,1.0346650391367074,1.0679655709500213
20211206,1.033876129031262,1.03689794802077,1.0674266741255298
20211207,1.0347916130160166,1.037584996908174,1.0739869735421572
20211208,1.0371947584759977,1.0393885002376093,1.0761292845465753
20211209,1.0346771775179222,1.0374991157972486,1.0810596171961795
20211210,1.0347916130160166,1.037584996908174,1.075757548327217
20211213,1.0450908078445071,1.045314296891468,1.0722176056928747
20211214,1.0438916096511022,1.044414327259802,1.0620654654034876
20211215,1.0438916096511022,1.044414327259802,1.0657303258907638
20211216,1.0438916096511022,1.044414327259802,1.073312296442738
20211217,1.0438916096511022,1.044414327259802,1.0749326077235442
20211220,1.0438916096511022,1.044414327259802,1.066274050458364
20211221,1.0438916096511022,1.044414327259802,1.0735253206074025
20211222,1.0438916096511022,1.044414327259802,1.0757919459968657
20211223,1.0438916096511022,1.044414327259802,1.0830233017055813
20211224,1.0438916096511022,1.044414327259802,1.0839272966026567
20211227,1.0438916096511022,1.044414327259802,1.0891955712698593
20211228,1.0438916096511022,1.044414327259802,1.0981190509381211
20211229,1.0438916096511022,1.044414327259802,1.1012251001605828
20211230,1.0438916096511022,1.044414327259802,1.0994484906966373
20220103,1.0438916096511022,1.044414327259802,1.1025666092768704
20220104,1.0438916096511022,1.044414327259802,1.1180057317380057
20220105,1.0438916096511022,1.044414327259802,1.1164131799800734
20220106,1.0438916096511022,1.044414327259802,1.1084449899794155
20220107,1.0438916096511022,1.044414327259802,1.0964866702995433
20220110,1.0438916096511022,1.044414327259802,1.100688013739757
20220111,1.0438916096511022,1.044414327259802,1.1036347474396366
20220112,1.0438916096511022,1.044414327259802,1.108896383960065
20220113,1.0438916096511022,1.044414327259802,1.1126095218784267
20220114,1.0438916096511022,1.044414327259802,1.1105818697728367
20220117,1.0438916096511022,1.044414327259802,1.117950816160146
20220118,1.0438916096511022,1.044414327259802,1.109091907555961
20220119,1.0460679209980077,1.0461569574002907,1.0999686800165833
20220120,1.0460679209980077,1.0461569574002907,1.0994146964948774
20220121,1.0427282623215626,1.043482804238891,1.080165277785321
20220124,1.0427282623215626,1.043482804238891,1.0855807986173345
20220125,1.0342273129633393,1.0366758689189648,1.0682057511696716
20220126,1.0348345236317837,1.0371620785846738,1.0665932849714168
20220207,1.050203694703587,1.0505394551395097,1.080225624574178
20220208,1.0533438078564612,1.0517669355275505,1.0842242028038327
20220209,1.081798164403705,1.083267232384507,1.0954004281001202
20220210,1.0743405952879086,1.0743451678708764,1.1066424313962617
20220211,1.0795489931257511,1.0782696966764438,1.1050064299503526
20220214,1.0629914201644723,1.0641862446954389,1.0861015914051688
20220215,1.071498243863859,1.071301092362722,1.083334087668194
20220216,1.0803498494989892,1.0794786552284508,1.1002106706398993
20220217,1.0718169099941217,1.0710333449207945,1.1024495365064881
20220218,1.0794501787367634,1.0777205606773632,1.1002637758140932
20220221,1.0812786702130224,1.0802485727266518,1.0996084096871082
20220222,1.0679629940633688,1.0670419419626904,1.0843889495374117
20220223,1.0714975351873866,1.0703146383133957,1.0896053259661973
20220224,1.0534991163505392,1.054800227134949,1.0617745938811978
20220225,1.0627304621789335,1.0629149549310868,1.0652523793230178
20220301,1.1014534637861069,1.1007873382583733,1.0801019136570216
20220302,1.121488835399484,1.1213713755564791,1.0782522845785592
20220303,1.1112584184683578,1.1128301883693572,1.0822834500741965
20220304,1.1141819118950906,1.114808479098568,1.070342027495204
20220307,1.0647391250586933,1.0665993134196814,1.0366787782671902
20220308,1.0536875121302618,1.0542447839522344,1.015349809213627
20220309,1.0635523023542692,1.0646117492589058,1.026822337243202
20220310,1.090838689598386,1.0922559159218457,1.052037639499146
20220311,1.077117571178816,1.0788221928891604,1.041871619448322
20220314,1.0740776208961886,1.0755085926965857,1.0417690299072653
20220315,1.0204383914515114,1.02005028786683,1.0214333689982857
20220316,1.0332721615127163,1.0333502522482083,1.0223246910697013
20220317,1.0723042648378045,1.0777361555078158,1.0529440482677757
20220318,1.0856955956810093,1.0910907554107387,1.0534449266152874
20220321,1.0819447356523018,1.088817069610462,1.0597113371701823
20220322,1.0836753606053908,1.0912472525893786,1.0596721117574253
20220323,1.0916019768605874,1.1029354768001778,1.0700312415325912
20220324,1.0948965462237434,1.1041759153425028,1.0680814367846267
20220325,1.0805739512506425,1.090385573286406,1.0667471692830017
20220328,1.0749126273542038,1.0869209709235939,1.0572763442398083
20220329,1.0911004435173668,1.1039786422005005,1.0590052797405571
20220330,1.098720962244745,1.1119995797611306,1.0705858285221856
20220331,1.0955217774450676,1.1097236884277697,1.067744098234917
20220401,1.0968514386889394,1.1105969193795713,1.0636477582073143
20220406,1.0807116674815456,1.0960264071709858,1.0574266077440622
20220407,1.062748121645352,1.0800071610206377,1.036675157459859
20220408,1.0788674274288033,1.0948578576927956,1.0430664858676872
20220411,1.0478346022331237,1.0666735766109035,1.0288143847433662
20220412,1.0512918800069015,1.0689981696829487,1.025346858255652
20220413,1.0526999160363117,1.071734376218177,1.044099019425028
20220414,1.0494616678490807,1.068310025417531,1.0407195992490448
20220415,1.0294266495013609,1.0459749232560691,1.0261476601437822
20220418,1.025605770973641,1.0419140906962057,1.019792539809268
20220419,1.0240823263112664,1.0439198857959013,1.0254971217599056
20220420,1.0211191888160287,1.0406892216502999,1.0348798404913677
20220421,1.0222129541124427,1.0418371232844843,1.033616782200594
20220422,0.9945836889669131,1.0146608252025349,1.027409511498779
20220425,0.9556788096125625,0.9751017423763727,1.0030179429107309
20220426,0.9537108715962495,0.9734102140736458,1.004459627696521
20220427,0.9564051838054224,0.9771177845324642,0.9838548201092399
20220428,0.9599062616445868,0.9811050354631605,0.9908568580202995
20220429,0.9646922521325966,0.9859468833012207,1.0012847831347622
20220503,0.9723653601989959,0.9936732256605462,0.9956556346701959
20220504,0.9726141209076199,0.9948984483598591,0.9996946452483845
20220505,0.9934020121685704,1.01504860350219,1.0075572283685426
20220506,0.9554050702037097,0.9801873514766122,0.9901821809208801
20220509,0.9413330417335439,0.9678692035595332,0.9685007866203927
20220510,0.9506153099750612,0.9753360167891042,0.9692720185819833
20220511,0.9470940834238806,0.9722114244281062,0.9659257891398713
20220512,0.9396210464918715,0.9663750099452671,0.9424164906049102
20220513,0.9552757644561882,0.9795932738988571,0.9554429484475487
20220516,0.9556483947168898,0.9796955659355507,0.9595767034842426
20220517,1.0048333218060848,1.0265546434049921,0.9689334730964964
20220518,1.0210204325300163,1.04107794613051,0.9834631694495589
20220519,1.0177399195335157,1.0389188923299157,0.966774868459087
20220520,1.0139066990179626,1.0357251386867008,0.9742898540754299
20220523,1.0017678389554014,1.0280149022847378,0.974987462954615
20220524,0.9895222728215065,1.017671679043229,0.9633538089987924
20220525,0.9960672065277155,1.0238710798155388,0.9718264981542936
20220526,0.9905471894134878,1.0187038076612767,0.9636676123008481
20220527,0.9978020156545233,1.0261783764305177,0.9816141438389852
20220530,1.02719920102281,1.0534409164607628,1.0023975779212824
20220531,1.0344076366094772,1.058219069500039,1.0142949473444094
20220601,1.0342514456027865,1.0587877951222333,1.0062881353988833
20220602,1.0388435282161679,1.0620086029712337,0.9988944468281427
20220606,1.0379502162881227,1.0611139510574268,1.0021163618852096
20220607,1.0325915326078332,1.0567512171175637,0.9964992827784145
20220608,1.0375282940603094,1.0598175843293556,1.006011747105919
20220609,1.0373603533787539,1.0593611690469218,1.003044495497828
20220610,1.0326273730855586,1.0553488127867117,0.9933153861983273
20220613,1.0274117987280147,1.050685582060368,0.9698320367825748
20220614,1.0254592918888386,1.0485856100743793,0.9684072490976647
20220615,1.0242878592572158,1.0481316472931441,0.9655033616178733
20220616,1.021157363198546,1.0462159832699236,0.9558092534559098
20220617,1.0105855803212882,1.0374214315312213,0.9438998146750115
20220620,0.9927442724673528,1.020441321034638,0.9273841055006702
20220621,1.0002936009276915,1.0286429111967266,0.9491729170853225
20220622,0.9744172013523723,0.9999375337000015,0.9261874286776389
20220623,0.969065127571803,0.9917482094062986,0.9158494202785729
20220624,0.9886287879187946,1.0161270403164302,0.9235062208487294
20220627,1.0240439715672751,1.0582328595404038,0.9382724766141107
20220628,1.01065897488656,1.0408373973531213,0.9317495922065744
20220629,0.9964347981400884,1.0254282951601137,0.9196929072608653
20220630,0.9554871147864842,0.9798766412660675,0.8946851979585888
20220701,0.9269246358895971,0.9520253284460727,0.8655588203168327
20220704,0.9319808182523981,0.9571155605086021,0.8579539179850931
20220705,0.9391828909560765,0.9626666054830774,0.8659281426646367
20220706,0.9118311424865108,0.9300905783592872,0.8439806190252908
20220707,0.938951113932855,0.957755541874584,0.8651478586847177
20220708,0.9633062514048956,0.9837666186366247,0.8728879378234966
20220711,0.9511991815488955,0.9713578025906091,0.8654049360052478
20220712,0.9071215152356242,0.9224269149061998,0.8418751195620755
20220713,0.9269801580579611,0.9437034342898509,0.8644484394018668
20220714,0.9502652649586437,0.9676178034721592,0.87131831784533
20220715,0.9644126267786481,0.9798028971676425,0.8780831928761823
20220718,0.9900472144707296,1.002899779556035,0.8882830071287662
20220719,0.999371978118655,1.0152348853039812,0.8867405432055853
20220720,1.0040779943546967,1.0183005687073488,0.8891025165214421
20220721,1.0216824473073802,1.0321757714573363,0.9014422279068898
20220722,1.0229595532645792,1.0322537990853216,0.9021458714649606
20220725,1.0208203852947682,1.032186306451547,0.9013595528061559
20220726,1.0121037508556097,1.0247198958947148,0.8935416263097516
20220727,1.0196113650220142,1.030702844928098,0.900470041138406
20220728,1.0125668339169174,1.025076083599713,0.8986783449772463
20220729,1.0182944558930658,1.0297971249458309,0.9052060571278912
20220801,1.0227397351229917,1.0333922714761115,0.9040968831487024
20220802,1.0042253118494846,1.018238147003712,0.8899479750333266
20220803,0.9947278636566843,1.0104134043639645,0.891745705873372
20220804,0.9914723244266652,1.0077590125267182,0.8872305591311028
20220805,1.0095229779065154,1.0225086050280208,0.9073767311230719
20220808,1.0117396743769793,1.0244748947175024,0.9064335108132394
20220809,1.0138569254466214,1.0261811371731402,0.9082360693963933
20220810,1.0100253359535785,1.0228890825563752,0.9015218856681808
20220811,1.026332217715803,1.037073029943086,0.917141445027998
20220812,1.0446288114836357,1.0520355743129062,0.9226402444286336
20220815,1.0633517257351777,1.0664216575719427,0.9303875651820753
20220816,1.059931366308935,1.0637460172485325,0.9305818818421944
20220817,1.0606584440754592,1.0644527758061775,0.9332902457260897
20220818,1.062226150269614,1.0656686276575824,0.9291450247995129
20220819,1.0635357399582892,1.066919529664197,0.9298703932015723
20220822,1.0611442276082235,1.065193471481684,0.9199952446730381
20220823,1.0580484684724414,1.0628520800865968,0.910988486436154
20220824,1.0582360532609352,1.0630963222958631,0.9093772271736763
20220825,1.0599534484502784,1.0643790097629098,0.9172736044955945
20220826,1.0610303982548994,1.0654528765477176,0.9220047927419711
20220829,1.0486534544348034,1.0537275300538986,0.9007476363671475
20220830,1.0511208485422436,1.0555331970328103,0.9024035522533792
20220831,1.051926139004022,1.055958434328982,0.9109613303811684
20220901,1.0437157499584588,1.047102081938235,0.893244720108576
20220902,1.0436083295958911,1.04746077771378,0.8854708467680373
20220905,1.0408293627281937,1.0451806000856825,0.8847503061090866
20220906,1.039787250152807,1.044325533475146,0.8857218894096818
20220907,1.0362776541925163,1.0402516666956476,0.8696002447665756
20220908,1.0397289513056753,1.0448467427307457,0.8800625675506868
20220912,1.047152781101276,1.0547836874369314,0.8935808517225086
20220913,1.0498269832345586,1.0583300764569894,0.8988298154172769
20220914,1.0498269832345586,1.0583300764569894,0.8845819385681759
20220915,1.0488885145507318,1.057255683327366,0.8852898064014667
20220916,1.04580825775219,1.0537292931570152,0.8787554561040476
20220919,1.0427280009536486,1.0502029029866644,0.8705434650764081
20220920,1.043754753219829,1.0513783663767815,0.8780035351148913
20220921,1.0533377743708474,1.0623493580178727,0.8704734628013342
20220922,1.0639475477880465,1.074495813049081,0.8620315505081502
20220923,1.059216684046393,1.0690797479327783,0.8519988968606996
20220926,1.059216684046393,1.0690797479327783,0.8314695227594897
20220927,1.059216684046393,1.0690797479327783,0.834390307340161
20220928,0.9963713806617738,1.0034068997681025,0.8126340830214913
20220929,0.9984219916273985,1.0067215460131642,0.8167491305536396
20220930,1.0196645411632903,1.026714796958689,0.8101302947518209
20221003,1.031208218633516,1.0397783499558013,0.8026412582546864
20221004,1.054733871298116,1.0638152177400175,0.8192993858507298
20221005,1.0545884777280776,1.0646590889037162,0.8328719821325228
20221006,1.0622773214874057,1.0728323073254624,0.83834060813873
20221007,1.052110402147103,1.0629091032440234,0.8268885980173667
20221011,1.0037875328082353,1.0156374935644485,0.790906825161473
20221012,1.0010497004566479,1.0100996004923706,0.7894108282657117
20221013,0.9697621023271057,0.9812787128346261,0.7730864184120466
20221014,0.9880602567822048,0.9990917334940177,0.7922398857273207
20221017,1.002036916169545,1.009834492996026,0.7824594816572917
20221018,1.0116891956140972,1.0205625138776557,0.7920322927736532
20221019,1.005939404961412,1.0188415152935804,0.7831057957659486
20221020,0.9889627047634422,1.0007668006178931,0.7812555632195978
20221021,0.9646984214835547,0.9781693062632467,0.7735975557136642
20221024,0.9844516091132453,0.9975406190916123,0.7758774573966757
20221025,0.9659276852557701,0.9780458299387665,0.7643596692754584
20221026,0.953707016162486,0.9649072494931791,0.7681572926982195
20221027,0.9932518534047652,1.005470166980889,0.7800649210754522
20221028,0.9792114330760804,0.9823152771036512,0.7717400815526505
20221031,1.003201985920991,1.0044385074843072,0.7814758289989252
20221101,1.0180619459616338,1.0176022024643285,0.7867537591523448
20221102,1.0395940438535607,1.0373609738794731,0.7905531929787718
20221103,1.0449002892233383,1.041797099809259,0.7836996081683
20221104,1.054931326532222,1.0567499406837753,0.786120117869348
20221107,1.0629549928137645,1.0685565053481239,0.7980096422099235
20221108,1.0649952249836434,1.0708098697981745,0.8054944544318381
20221109,1.0726110630669674,1.0785064376528477,0.8230583873286227
20221110,1.0667586572279286,1.0706343304906585,0.8149085534935058
20221111,1.070630471033894,1.0786072928540642,0.8453112657195841
20221114,1.0778124074742097,1.0844621963538967,0.8554096973668885
20221115,1.0811233268392126,1.0951417764978497,0.8778230982162093
20221116,1.0784569328465272,1.0934366481960445,0.8772823909880519
20221117,1.082274250004828,1.0964524939551206,0.8771544557956754
20221118,1.0786828283068508,1.0930226011101458,0.8753295689006445
20221121,1.0760077541362807,1.0903416390818061,0.8719742874402039
20221122,1.0765093305432625,1.0908385399000344,0.8775750729140077
20221123,1.0778468676285478,1.0921636087486435,0.8815784788867708
20221124,1.0782776925035213,1.0925287689033774,0.8921669264595927
20221125,1.0782776925035213,1.0924979445722558,0.8918356225887687
20221128,1.0782776925035213,1.0926828905589856,0.8784603603065376
20221129,1.0782776925035213,1.0930219582013239,0.8876795392401977
20221130,1.0782776925035213,1.0941008097905816,0.8979330621348642
20221201,1.0782776925035213,1.0945264414020086,0.9059742717500388
20221202,1.0782776925035213,1.0945264414020086,0.9034324650033885
20221205,1.0782776925035213,1.0945264414020086,0.9040395536992883
20221206,1.0782776925035213,1.0945264414020086,0.8888406114578034
20221207,1.0782776925035213,1.0945264414020086,0.8828741244435272
20221208,1.0782776925035213,1.0945264414020086,0.8782292321052159
20221209,1.0782776925035213,1.0945264414020086,0.8874254792591104
20221212,1.0782776925035213,1.0945264414020086,0.8818228833816409
20221213,1.0782776925035213,1.0945264414020086,0.876414000696402
20221214,1.0782776925035213,1.0945264414020086,0.8894730458050232
20221215,1.0782776925035213,1.0945264414020086,0.8891574320993019
20221216,1.0782776925035213,1.0945264414020086,0.8767513392461117
20221219,1.0782776925035213,1.0945264414020086,0.8710045145432744
20221220,1.0782776925035213,1.0945264414020086,0.8551158085051558
20221221,1.0782776925035213,1.0945264414020086,0.8590003313038709
20221222,1.0807749688640778,1.09770174751361,0.8715850506520773
20221223,1.0787063742588732,1.095071513553093,0.8612470422530112
20221226,1.077672076956271,1.0937563965728345,0.8620617239025785
20221227,1.0787063742588732,1.095071513553093,0.86467473986008
20221228,1.0793959057939415,1.0959482582065987,0.8553010731469463
20221229,1.0797406715614755,1.0963866305333516,0.8499857279844354
20221230,1.0842226265394188,1.1020854707811383,0.8531641933535254
20230103,1.0849769912770717,1.10304465135069,0.8583799663144226
20230104,1.0849769912770717,1.10304465135069,0.8568719000608899
20230105,1.0849769912770717,1.10304465135069,0.8630224447811795
20230106,1.0849769912770717,1.10304465135069,0.8673849141476409
20230109,1.0849769912770717,1.10304465135069,0.8902485020418336
20230110,1.0849769912770717,1.10304465135069,0.8933111015763184
20230111,1.0849769912770717,1.10304465135069,0.8902020350144139
20230112,1.0849769912770717,1.10304465135069,0.8890071685950482
20230113,1.0849769912770717,1.10304465135069,0.8945886430964178
20230116,1.0849769912770717,1.10304465135069,0.9007971207340101
20230117,1.0849769912770717,1.10304465135069,0.9011543737240426
20230130,1.0849769912770717,1.10304465135069,0.9350022841259582
20230131,1.0849769912770717,1.10304465135069,0.9212058012575065
20230201,1.0849769912770717,1.10304465135069,0.9305553292550973
20230202,1.0849769912770717,1.10304465135069,0.9411178277087109
20230203,1.0849769912770717,1.10304465135069,0.9415704286251373
20230206,1.0849769912770717,1.10304465135069,0.928907258451417
20230207,1.0849769912770717,1.10304465135069,0.9293954639732688
20230208,1.0849769912770717,1.10304465135069,0.9425064073203069
20230209,1.0849769912770717,1.10304465135069,0.9413320588091526
20230210,1.0849769912770717,1.10304465135069,0.9406042765355391
20230213,1.0849769912770717,1.10304465135069,0.9380473830916747
20230214,1.0849769912770717,1.10304465135069,0.9446975992236989
20230215,1.0849769912770717,1.10304465135069,0.9313253542809107
20230216,1.0849769912770717,1.10304465135069,0.9384227401183642
20230217,1.0849769912770717,1.10304465135069,0.9341501874672996
20230220,1.0849769912770717,1.10304465135069,0.9384667932742297
20230221,1.0849769912770717,1.10304465135069,0.9391770749790748
20230222,1.0849769912770717,1.10304465135069,0.9304732576222521
20230223,1.0849769912770717,1.10304465135069,0.942339850183062
20230224,1.0849769912770717,1.10304465135069,0.935603941610861
20230301,1.0849769912770717,1.10304465135069,0.9413187825156042
20230302,1.0849769912770717,1.10304465135069,0.9413326622770413
20230303,1.0849769912770717,1.10304465135069,0.9419180261289527
20230306,1.0849769912770717,1.10304465135069,0.9512772096127607
20230307,1.0849769912770717,1.10304465135069,0.9569727395450697
20230308,1.0849769912770717,1.10304465135069,0.9545775754953416
20230309,1.0849769912770717,1.10304465135069,0.9517086891530872
20230310,1.0849769912770717,1.10304465135069,0.936956313149143
20230313,1.0849769912770717,1.10304465135069,0.939025604539044
20230314,1.0849769912770717,1.10304465135069,0.9269520224924552
20230315,1.0849769912770717,1.10304465135069,0.9285916447456957
20230316,1.0849769912770717,1.10304465135069,0.9185457148046967
20230317,1.0849769912770717,1.10304465135069,0.9325365143332676
20230320,1.0849769912770717,1.10304465135069,0.9305456737688802
20230321,1.0849769912770717,1.10304465135069,0.9361868915912182
20230322,1.0849769912770717,1.10304465135069,0.9510931519067473
20230323,1.0849769912770717,1.10304465135069,0.9573384410855422
20230324,1.0849769912770717,1.10304465135069,0.9604010406200272
20230327,1.0849769912770717,1.10304465135069,0.955308375108398
20230328,1.0849769912770717,1.10304465135069,0.9475338982999706
20230329,1.0902650453961,1.1081332599663236,0.9516543770431161
20230330,1.0954686621604326,1.1131406158865582,0.9564622057113409
20230331,1.0955131964472407,1.1131834705076424,0.9575864663877438
20230406,1.0955131964472407,1.1131834705076424,0.9541291988541353
20230407,1.0955131964472407,1.1131834705076424,0.9556819217314219
20230410,1.0955131964472407,1.1131834705076424,0.9580758788453728
20230411,1.0955131964472407,1.1131834705076424,0.9603515562531644
20230412,1.0955131964472407,1.1131834705076424,0.9615035764524416
20230413,1.0955131964472407,1.1131834705076424,0.9537665146531056
20230414,1.0955131964472407,1.1131834705076424,0.9612899488198884
20230417,1.0955131964472407,1.1131834705076424,0.9633489812556839
20230418,1.0955131964472407,1.1131834705076424,0.9576697449563664
20230419,1.0955131964472407,1.1131834705076424,0.9516972232632043
20230420,1.0955131964472407,1.1131834705076424,0.947898392904666
20230421,1.0955131964472407,1.1131834705076424,0.94159034306546
20230424,1.0955131964472407,1.1131834705076424,0.9430314243833615
20230425,1.0955131964472407,1.1131834705076424,0.9275741978855693
20230426,1.0955131964472407,1.1131834705076424,0.9278095503621109
20230427,1.0955131964472407,1.1131834705076424,0.9300339329993742
20230428,1.0955131964472407,1.1131834705076424,0.9401534860227786
20230502,1.0955131964472407,1.1131834705076424,0.9436113570242757
20230503,1.0955131964472407,1.1131834705076424,0.9385983492739376
20230504,1.0955131964472407,1.1131834705076424,0.9419548376701554
20230505,1.0955131964472407,1.1131834705076424,0.9429831469522759
20230508,1.0955131964472407,1.1131834705076424,0.947418635933254
20230509,1.0955131964472407,1.1131834705076424,0.9491161911037972
20230510,1.0955131964472407,1.1131834705076424,0.9439299880694398
20230511,1.0955131964472407,1.1131834705076424,0.9362587042699577
20230512,1.0955131964472407,1.1131834705076424,0.9355176457027957
20230515,1.0955131964472407,1.1131834705076424,0.9338695748991153
20230516,1.0955131964472407,1.1131834705076424,0.9458695338632989
20230517,1.0955131964472407,1.1131834705076424,0.9610401131140212
20230518,1.0955131964472407,1.1131834705076424,0.9716967525582513
20230519,1.0955131964472407,1.1131834705076424,0.9761044820163552
20230522,1.0955131964472407,1.1131834705076424,0.9764647523458305
20230523,1.087115906776057,1.10219898099734,0.9768956284182685
20230524,1.086992838417446,1.1020379953523107,0.9751630721101884
20230525,1.086992838417446,1.1020379953523107,0.9831698840557146
20230526,1.086992838417446,1.1020379953523107,0.9960267674216653
20230529,1.086992838417446,1.1020379953523107,1.0039472834591263
20230530,1.0843661457062055,1.0982994842838627,1.0031289810022275
20230531,1.082593344740236,1.0957762976145315,1.0004869985860747
20230601,1.0822978779125745,1.0953557665029763,0.9964854030169775
20230602,1.085229037264249,1.0992601627557326,1.008208370220308
20230605,1.095092227296473,1.1096240835090896,1.0086621780725116
20230606,1.0904192640046015,1.1035045435809512,1.0115123569102202
20230607,1.0918965981429094,1.1056071991387273,1.021217327494178
20230608,1.0898283303492784,1.1026634813578409,1.0098244572258943
20230609,1.0927829986258941,1.1068687924733929,1.0190400153522232
20230612,1.1025334039387258,1.1207463191547147,1.0232021333796797
20230613,1.1018986525528605,1.1198428921677606,1.038966525032753
20230614,1.1018986525528605,1.1198428921677606,1.0402663948647297
20230615,1.1018986525528605,1.1198428921677606,1.0461103778976266
20230616,1.1018986525528605,1.1198428921677606,1.0433302013349917
20230619,1.1018986525528605,1.1198428921677606,1.042464224914896
20230620,1.1018986525528605,1.1198428921677606,1.0370541352938798
20230621,1.1018986525528605,1.1198428921677606,1.0381096006309862
20230626,1.1018986525528605,1.1198428921677606,1.0294703543382402
20230627,1.1018986525528605,1.1198428921677606,1.0191305355355085
20230628,1.1018986525528605,1.1198428921677606,1.0220108877676457
20230629,1.106596510338897,1.1238486667036525,1.0224134008493206
20230630,1.1078880174239367,1.1253890031959417,1.0207985207795116
20230703,1.1200595439551082,1.1354675322883245,1.030976610188107
20230704,1.117289299467967,1.133592264146575,1.0343904280337388
20230705,1.117289299467967,1.133592264146575,1.0293007798615526
20230706,1.1156271527756825,1.1324671032615252,1.0115431337725371
20230707,1.1131893376269983,1.1308168672967858,1.0056315623361207
20230710,1.1100866638014004,1.1287165669780264,1.0049430054752642
20230711,1.108978566006544,1.1279664597213266,1.0197949536808222
20230712,1.1059867019604317,1.1259411701282371,1.0236040429934663
20230713,1.1139395194484698,1.1345898697474652,1.029600703402171
20230714,1.1164151670998153,1.1358439288143527,1.043016398032936
20230717,1.119051369259054,1.1386555938191805,1.0460687386133154
20230718,1.110148751444772,1.130953298130302,1.0396490472147242
20230719,1.1151849646488319,1.1353400387541153,1.0329221906608517
20230720,1.1187799765728768,1.1374943143991763,1.0358459925809658
20230721,1.1104440194745,1.1307342182170748,1.0277480569842659
20230724,1.1023661690971218,1.123310930031508,1.0279236661398392
20230725,1.1043607451278634,1.1246611230935677,1.0378977834020986
20230726,1.0992865162058525,1.120807256930406,1.0357047810950408
20230727,1.101696079006679,1.1227176722317842,1.040488471047723
20230728,1.1042900099264876,1.1254511529422304,1.0435727954261962
20230731,1.1014922631689792,1.122998659093297,1.0346716440698116
20230801,1.0977143326604069,1.1197429950107658,1.0387414315103172
20230802,1.0939364021518345,1.1164873309282346,1.0194823573145437
20230804,1.0923643210574572,1.1151046896030896,1.0164620005322587
20230807,1.0923643210574572,1.1151046896030896,1.0256540234109333
20230808,1.0923643210574572,1.1151046896030896,1.0184769798121887
20230809,1.0923643210574572,1.1151046896030896,1.0181070539964963
20230810,1.0923643210574572,1.1151046896030896,1.0038507285969553
20230811,1.0923643210574572,1.1151046896030896,1.0018321285096938
20230814,1.0925139743878545,1.1166858133201663,0.9893047386109014
20230815,1.0909153886946275,1.1148187907791196,0.9929943412816089
20230816,1.0821801124382444,1.1048388176716264,0.992510360034977
20230817,1.088419521616349,1.110481342045622,0.9967273936402934
20230818,1.0748594596306005,1.0955473864579317,0.9885594557685193
20230821,1.0801448513378595,1.1020455043602,0.9885703181905137
20230822,1.0688961204699103,1.0886002562761887,0.9919569799811598
20230823,1.0666283765284073,1.0852327304799856,1.0003626842010298
20230824,1.0643636067089806,1.0830959239675408,1.0120681508355918
20230825,1.0682784952164077,1.085456520507343,0.9946104282871954
20230828,1.0555486506534775,1.0703376507333058,0.9962808274027526
20230829,1.0647530373275833,1.0814467306300228,1.0031838965800872
20230830,1.0751058431210585,1.0950180474961597,1.00898744726445
20230831,1.0745046065312391,1.0939024502228616,1.0038392627070725
20230901,1.0765464424691453,1.096181646699926,1.0044686797148492
20230904,1.0851812084970784,1.103593702453902,1.0132038774018777
20230905,1.09329295046507,1.1123489955907768,1.0133197432364829
20230906,1.0980160933517578,1.1161345779295342,1.0100942073720844
20230907,1.090359346027968,1.10916969805646,1.0029117325623427
20230908,1.0845997401218486,1.101840682929976,1.0003095790268357
20230911,1.0718469483682769,1.089318982810497,0.9916757639450869
20230912,1.0787862409542588,1.0967278572853176,1.0001098311557195
20230913,1.0860564357500664,1.1031369599291705,1.0006408828976596
20230914,1.105094480726777,1.123011699759144,1.0142822745187496
20230915,1.0979484506205552,1.1144637124594543,1.0211231865035613
20230918,1.1109201538941589,1.1291388512122136,1.0076851635609194
20230919,1.1043763126952622,1.121505475534673,1.0039484903949034
20230920,1.0994572022146745,1.1158579613797517,0.9978190670507137
20230921,1.0956511791930348,1.1120564088116036,0.984658639336813
20230922,1.0961722787697288,1.1126608206245407,0.9863368835349218
20230925,1.0983818119457358,1.1155282964057265,0.9928392500342468
20230926,1.0940734665631042,1.1104836390435109,0.982208559709225
20230927,1.0916565568013834,1.1075289828552148,0.9842778510991264
20230928,1.0930875560359856,1.1089286288612668,0.9868956947997362
20231002,1.1009019206157467,1.1177315226529467,0.9991804906073242
20231003,1.0973200647665011,1.1141499480211738,0.9929665817587348
20231004,1.10122969025011,1.12005667771806,0.9820462268472001
20231005,1.1030293849164021,1.1217712203000767,0.9929170973918722
20231006,1.118819536486549,1.1377561465171702,0.9969633495847235
20231011,1.129053966206735,1.1501216708110429,1.0061034742249813
20231012,1.126779128515217,1.1478075750805246,1.0153896380942726
20231013,1.1265861228222307,1.1476303161385366,1.012774208265217
20231016,1.1265861228222307,1.1476303161385366,1.0049092112735045
20231017,1.1265861228222307,1.1476303161385366,1.0043244508894815
20231018,1.1265861228222307,1.1476303161385366,0.9921561243843874
20231019,1.1265861228222307,1.1476303161385366,0.9928694234286752
20231020,1.1265861228222307,1.1476303161385366,0.9921446584945046
20231023,1.1265861228222307,1.1476303161385366,0.9807173905565725
20231024,1.1265861228222307,1.1476303161385366,0.9842416430258122
20231025,1.1265861228222307,1.1476303161385366,0.987206480762349
20231026,1.1265861228222307,1.1476303161385366,0.9699985939198197
20231027,1.1265861228222307,1.1476303161385366,0.9736719029575358
20231030,1.1265861228222307,1.1476303161385366,0.9745813290656085
20231031,1.1240307444180937,1.1456214128322337,0.9656252621313641
20231101,1.1333377163408027,1.1529380617625566,0.9678755938878358
20231102,1.147309356519471,1.1647247856407645,0.9895032795462405
20231103,1.1425972397210167,1.1618365316963157,0.9961836690726933
20231106,1.1764773480813462,1.2007202806877653,1.0047354125215966
20231107,1.1670312463106178,1.1915400643015233,1.0068831547370118
20231108,1.1811723882060114,1.2010732338410435,1.0102553332983324
20231109,1.1543473887998197,1.1857326247724929,1.0105462048206224
20231110,1.154043854358525,1.1875825448966957,1.006745564058418
20231113,1.157025551681119,1.1921249526503375,1.0161970781291771
20231114,1.161160628877167,1.1913998841473805,1.0208087797336172
20231115,1.1628301850613678,1.1879424802958485,1.033666870035345
20231116,1.1675242716781122,1.1888471120715387,1.0362255738828754
20231117,1.1870924414519446,1.2103282526605166,1.0385048720979984
20231120,1.1972829568524763,1.2219022395597474,1.038596599217061
20231121,1.1987198454444044,1.2232954610246471,1.051041917483008
20231122,1.1987198454444044,1.2232954610246471,1.0446186052770852
20231123,1.1987198454444044,1.2232954610246471,1.0436705572241443
20231124,1.1987198454444044,1.2232954610246471,1.043240284619595
20231127,1.1987198454444044,1.2232954610246471,1.0341882662910682
20231128,1.1987198454444044,1.2232954610246471,1.046488752263759
20231129,1.1987198454444044,1.2232954610246471,1.048257516645153
20231130,1.1987198454444044,1.2232954610246471,1.0520768649119028
20231201,1.1987198454444044,1.2232954610246471,1.0523484254617586
20231204,1.1987198454444044,1.2232954610246471,1.0513303751337435
20231205,1.1987198454444044,1.2232954610246471,1.0456897607792943
20231206,1.1987198454444044,1.2232954610246471,1.0476637042428019
20231207,1.1987198454444044,1.2232954610246471,1.0427164744923176
20231208,1.1987198454444044,1.2232954610246471,1.0490679740195006
20231211,1.1987198454444044,1.2232954610246471,1.051140886216733
20231212,1.1987198454444044,1.2232954610246471,1.0530894840289207
20231213,1.1987198454444044,1.2232954610246471,1.054193830265001
20231214,1.1987198454444044,1.2232954610246471,1.0653085018366546
20231215,1.1987198454444044,1.2232954610246471,1.0665613011733226
20231218,1.1987198454444044,1.2232954610246471,1.065243327304689
20231219,1.1987198454444044,1.2232954610246471,1.0606883516817744
20231220,1.1987198454444044,1.2232954610246471,1.0642276908482284
20231221,1.1987198454444044,1.2232954610246471,1.0587083735393816
20231222,1.1987198454444044,1.2232954610246471,1.06190011520202
20231225,1.1987198454444044,1.2232954610246471,1.0623955623385346
20231226,1.1987198454444044,1.2232954610246471,1.0712599021537166
20231227,1.1987198454444044,1.2232954610246471,1.0796945728322378
20231228,1.1987198454444044,1.2232954610246471,1.0808333167379665
20231229,1.1987198454444044,1.2232954610246471,1.0820668051022004
20240102,1.1987198454444044,1.2232954610246471,1.0774170850207803
20240103,1.1987198454444044,1.2232954610246471,1.0596479730418826
20240104,1.1987198454444044,1.2232954610246471,1.0590650230615255
20240105,1.1987198454444044,1.2232954610246471,1.057223842533503
20240108,1.1987198454444044,1.2232954610246471,1.0604536026731215
20240109,1.1987198454444044,1.2232954610246471,1.0582105125313126
20240110,1.1987198454444044,1.2232954610246471,1.0539946858617735
20240111,1.1987198454444044,1.2232954610246471,1.0588037214657753
20240112,1.1987198454444044,1.2232954610246471,1.0568430542958165
20240115,1.1987198454444044,1.2232954610246471,1.0588942416490605
20240116,1.1987198454444044,1.2232954610246471,1.0468279012171344
20240117,1.1987198454444044,1.2232954610246471,1.0356589175355095
20240118,1.1987198454444044,1.2232954610246471,1.0396418056000614
20240119,1.1987198454444044,1.2232954610246471,1.0670229541080776
20240122,1.1987198454444044,1.2232954610246471,1.0750840781635747
20240123,1.1987198454444044,1.2232954610246471,1.0786741086326685
20240124,1.1987198454444044,1.2232954610246471,1.078748938650851
20240125,1.1987198454444044,1.2232954610246471,1.0864003080100102
20240126,1.1987198454444044,1.2232954610246471,1.0859422758825867
20240129,1.1987198454444044,1.2232954610246471,1.0934614857741498
20240130,1.1987198454444044,1.2232954610246471,1.088332008721318
20240131,1.1987198454444044,1.2232954610246471,1.0795775000618555
20240201,1.2082316622298221,1.2371890311668852,1.0843177403265607
20240202,1.2114292064472332,1.241859569495127,1.0898587824793962
20240205,1.2114292064472332,1.241859569495127,1.0920397154286825
20240215,1.2114292064472332,1.241859569495127,1.125139929116662
20240216,1.2114292064472332,1.241859569495127,1.1228877869565244
20240219,1.2114292064472332,1.241859569495127,1.1246106877783872
20240220,1.2114292064472332,1.241859569495127,1.1316929869186265
20240221,1.2114292064472332,1.241859569495127,1.1270553361949782
20240222,1.2114292064472332,1.241859569495127,1.1377047340245454
20240223,1.2114292064472332,1.241859569495127,1.139901960606823
20240226,1.2114292064472332,1.241859569495127,1.143453972598937
20240227,1.2114292064472332,1.241859569495127,1.137803099290382
20240229,1.2114292064472332,1.241859569495127,1.1445836644863372
20240301,1.2114292064472332,1.241859569495127,1.1427225695179921
20240304,1.2114292064472332,1.241859569495127,1.1650134663859335
20240305,1.2114292064472332,1.241859569495127,1.1699383678245405
20240306,1.2114292064472332,1.241859569495127,1.1767291919746012
20240307,1.2114292064472332,1.241859569495127,1.1884406932880491
20240308,1.2114292064472332,1.241859569495127,1.1939805285051075
20240311,1.2114292064472332,1.241859569495127,1.1904055847332282
20240312,1.2114292064472332,1.241859569495127,1.2017791440290775
20240313,1.2114292064472332,1.241859569495127,1.202621585201519
20240314,1.2114292064472332,1.241859569495127,1.203189448484662
20240315,1.2114292064472332,1.241859569495127,1.1877756716748467
20240318,1.2114292064472332,1.241859569495127,1.1996851104557449
20240319,1.2114292064472332,1.241859569495127,1.1983182556881375
20240320,1.2114292064472332,1.241859569495127,1.1939280267988022
20240321,1.2114292064472332,1.241859569495127,1.2189502193304043
20240322,1.2114292064472332,1.241859569495127,1.220720794115464
20240325,1.2114292064472332,1.241859569495127,1.2185374472946233
20240326,1.2114292064472332,1.241859569495127,1.2145690424593973
20240327,1.2114292064472332,1.241859569495127,1.2190123765229266
20240328,1.2094692509203435,1.239945627984025,1.2157795990438656
20240329,1.2119695928458925,1.2423872692037374,1.224704889115793
20240401,1.2136364874629253,1.244015030016879,1.2203526787034373
20240402,1.2115528691916344,1.241980329000452,1.2350917784138329
20240403,1.2136364874629253,1.244015030016879,1.2273088530549656
20240408,1.2178037240055068,1.248084432049733,1.232142630842399
20240409,1.2183553306885568,1.2486230886233167,1.2549838904247148
20240410,1.2183553306885568,1.2486230886233167,1.2530123608327615
20240411,1.2183553306885568,1.2486230886233167,1.2523901854396475
20240412,1.2183553306885568,1.2486230886233167,1.251385411405181
20240415,1.2138034735338745,1.245222791589638,1.234077952361038
20240416,1.2169963140760027,1.247607885377838,1.20101937795737
20240417,1.219976298581989,1.249833972913492,1.2198095576037258
20240418,1.2311738946411903,1.2593905813655453,1.2251122299405766
20240419,1.2195453067224027,1.249790133207094,1.17839898762227
20240422,1.2081884453915186,1.2397073630999018,1.171404794793762
20240423,1.2137996950733976,1.2442416928930329,1.1827536119061801
20240424,1.2342272918630197,1.260736448960366,1.2148858631008956
20240425,1.1920539830174324,1.2394305876301777,1.1983315319816858
20240426,1.2328615769676525,1.2763139429297277,1.2142081686620332
20240429,1.2705520993413206,1.3092463527943208,1.2368388179512386
20240430,1.2848174196627065,1.3244749929339596,1.2308693135975195
20240502,1.2866810450714765,1.3241926453563715,1.2203593168502114
20240503,1.28915724541126,1.323939339307481,1.2268695284320879
20240506,1.2906336137021823,1.3242993646134709,1.2385158552135704
20240507,1.286763053093256,1.3227502874523633,1.2463742140585086
20240508,1.2837378476918364,1.3175220800298602,1.249209306199003
20240509,1.276339580299609,1.3111241319321936,1.2407764459241477
20240510,1.2655901321270775,1.3039791652309856,1.2497119949501807
20240513,1.2565926041132343,1.2974229392355836,1.2586958214072992
20240514,1.257827642258527,1.2987032407750208,1.2664286589314153
20240515,1.264324175766064,1.3058875939611228,1.2761662167813557
20240516,1.2671763317253943,1.3086978427871374,1.2856436799713231
20240517,1.265148942383135,1.307572385062079,1.2828804005095684
20240520,1.2644031794127168,1.3054666071807248,1.2836745642509244
20240521,1.2624848003285585,1.3044700853711526,1.2815696682555977
20240522,1.2634791509557826,1.306930294053797,1.3005837344886124
20240523,1.262149767153204,1.3048035630659074,1.303939015949053
20240524,1.2629819756421705,1.305778265359204,1.3013990196060683
20240527,1.2696534354355675,1.312513348169642,1.3157875044732057
20240528,1.2834377914616182,1.3261846752779554,1.3190848530163437
20240529,1.2814290582929004,1.3248426793835026,1.3072623136113992
20240530,1.2818948154460856,1.3236625905528758,1.2892777635962824
20240531,1.2761362333166795,1.3192022678255375,1.2777961835483793
20240603,1.2813111946139255,1.3232362264273192,1.2996743083805395
20240604,1.2813111946139255,1.3232362264273192,1.2888034378358675
20240605,1.2822455577016534,1.324678999093746,1.2965435169746466
20240606,1.2769901214308528,1.3170387716360556,1.3217576122948134
20240607,1.2786429616389725,1.3200199927793357,1.319083042612678
20240611,1.2740890098793072,1.3144125824033854,1.3150844643830235
20240612,1.27459500451927,1.3150356280007132,1.3305839336330154
20240613,1.2740890098793072,1.3144125824033854,1.3464599668454742
20240614,1.280160945558861,1.321889129571319,1.358087586122411
20240617,1.285220891958489,1.3281195855445973,1.3575933459216734
20240618,1.2847148973185263,1.3274965399472696,1.3733378231344244
20240619,1.2831969133986378,1.325627403155286,1.4006212098444926
20240620,1.282690918758675,1.3250043575579582,1.4124829746621936
20240621,1.2837029080386007,1.3262504487526139,1.403267416535865
20240624,1.2831969133986378,1.325627403155286,1.376733536943399
20240625,1.2847148973185263,1.3274965399472696,1.3804913314855147
20240626,1.285726886598452,1.328742631141925,1.3871729279477445
20240627,1.2887628544382288,1.332480904725892,1.3823023386191087
20240628,1.289047413173878,1.3328312899936892,1.3899223276480623
20240701,1.289047413173878,1.3328312899936892,1.3915106551307745
20240702,1.289047413173878,1.3328312899936892,1.3806965105676279
20240703,1.289047413173878,1.3328312899936892,1.398381740510015
20240704,1.289047413173878,1.3328312899936892,1.419509151288796
20240705,1.289047413173878,1.3328312899936892,1.4215645629172604
20240708,1.289047413173878,1.3328312899936892,1.4409696763420674
20240709,1.289047413173878,1.3328312899936892,1.442293081421698
20240710,1.289047413173878,1.3328312899936892,1.4487501878293805
20240711,1.289047413173878,1.3328312899936892,1.471859990622109
20240712,1.289047413173878,1.3328312899936892,1.4433099248139358
20240715,1.289047413173878,1.3328312899936892,1.4410426959565843
20240716,1.289047413173878,1.3328312899936892,1.4481569788949176
20240717,1.289047413173878,1.3328312899936892,1.4344323087052053
20240718,1.289047413173878,1.3328312899936892,1.4120225286632162
20240719,1.289047413173878,1.3328312899936892,1.3800864045322851
20240722,1.289047413173878,1.3328312899936892,1.343137876118905
20240723,1.289047413173878,1.3328312899936892,1.380242099247536
20240726,1.289047413173878,1.3328312899936892,1.3348232955502088
20240729,1.289047413173878,1.3328312899936892,1.3375557981496469
20240730,1.2887355753828267,1.3325872307693958,1.3411210864353091
20240731,1.2905472408820537,1.33437526153249,1.3396594872091963
20240801,1.3012956992828684,1.3436473750030722,1.3663780279755644
20240802,1.2891162269350696,1.3332872668693663,1.3057892484954037
20240805,1.2767623235395262,1.3236185090528538,1.1967299282054253
20240806,1.275414624987285,1.3225637354728708,1.2371707252899513
20240807,1.282377734173864,1.3280133989694505,1.2851017658073887
20240808,1.2769117761450326,1.3306585637418882,1.2594435181212353
20240809,1.2994252588391868,1.3543104300469104,1.2955852099676
20240812,1.3393506635753707,1.3858208152996185,1.3139463239451834
20240813,1.3385948010959683,1.392665102909033,1.3153530075934365
20240814,1.3376309573214262,1.400631558754497,1.3292738048469335
20240815,1.351872276163154,1.410314870641875,1.3213032009747212
20240816,1.3723405730238398,1.4274092274520078,1.3487102986019461
20240819,1.3799668469089745,1.4341084346989486,1.3523492099700138
20240820,1.3882050318514803,1.441325688964043,1.3535241619490563
20240821,1.3830316413872101,1.43538080419795,1.3419852524517393
20240822,1.3816313923306174,1.4332489714655017,1.3366107674361487
20240823,1.374336685812879,1.4269770169957021,1.3371671648294088
20240826,1.3935909727916242,1.442070335854115,1.34211982579089
20240827,1.3933675708884048,1.4416994033019066,1.3387935107891007
20240828,1.3930246459759839,1.4412169035044164,1.3499974956082625
20240829,1.393527210558113,1.441384154202166,1.3398103541813384
20240830,1.403538865174585,1.4507337983002397,1.3438077254752159
20240902,1.40799845315209,1.4537114561259266,1.3418168849108285
20240903,1.4011404894927684,1.447814448506076,1.333193932251074
20240904,1.3788653732865657,1.4269035597239044,1.272879730660212
20240905,1.3781562645979992,1.4248972842977634,1.2786102617300579
20240906,1.3770144195922882,1.4238579961301605,1.2935448850363498
20240909,1.3980643834006767,1.439128363284219,1.2759990561762222
20240910,1.3919719839238378,1.432013597849115,1.2711495882236863
20240911,1.3969330896892944,1.437493818430937,1.2691533164483018
20240912,1.4051667322550867,1.4477578008815486,1.3067041058144735
20240913,1.4029672716556585,1.4476056423041939,1.3131250041488418
20240916,1.4227662985624796,1.467749603275947,1.3185821642651663
20240918,1.4076793500260152,1.450810008175965,1.30824838014132
20240919,1.4317637471743663,1.4743204597668689,1.330205559266883
20240920,1.421913680186909,1.464508577453831,1.3372498399301425
20240923,1.4238412727140948,1.4695365259506277,1.3448601734728791
20240924,1.437265709698433,1.482742182715954,1.3536858913431928
20240925,1.4623670623376033,1.5179812361132317,1.3735894692439572
20240926,1.4617087359960088,1.5128320114400515,1.3794557805887313
20240927,1.474723527212526,1.5276748078986992,1.3772820892541078
20240930,1.4645745280169857,1.5169616967727242,1.3411796228205004
20241001,1.4596487803249274,1.5108968192580678,1.351188137752408
20241004,1.4530148865095147,1.503522960661242,1.3458969313054399
20241007,1.4558247527040664,1.50693912710917,1.3700265948298493
20241008,1.4404087231242135,1.4906142514595677,1.3645247780897707
20241009,1.4421543094197862,1.4886396887276088,1.3674027164503537
20241011,1.433863242550287,1.481179041852386,1.38204043355547
20241014,1.4337075982374294,1.4801495457751432,1.3864849745547765
20241015,1.4202694801886537,1.466289550667414,1.4055998199251822
20241016,1.4203216784484387,1.4661527321906553,1.3886387514490772
20241017,1.4401111653062717,1.4885931196873927,1.3912252148194817
20241018,1.4220078733721395,1.470818730471848,1.4173813235137038
20241021,1.424127913124255,1.4725752114125101,1.420716087065933
20241022,1.4297585824441954,1.4755695741211219,1.4202876248650496
20241023,1.4180934032631929,1.4645267573172527,1.4081778347451464
20241024,1.400860963540961,1.4470993003935284,1.3995941074981488
20241025,1.3939532135458006,1.440203812705692,1.4090039822845968
20241028,1.3883937271659728,1.436282518561947,1.3999290321763045
20241029,1.3755167673504953,1.420978309537134,1.3835460859374482
20241030,1.377305661390896,1.4231305553638915,1.3771396708324055
20241101,1.409367457430724,1.455724746202267,1.374704677902032
20241104,1.3989869903577616,1.4441395640078176,1.3858875413450937
20241105,1.3956338927383518,1.4398745014577436,1.3944205772894516
20241106,1.3983083447679192,1.442268495992823,1.4010943286691302
20241107,1.4056394661304494,1.4523513176697227,1.4126471179278843
20241108,1.4058678428270606,1.4477550974192857,1.4214016265873468
20241111,1.3908904840694991,1.431369302880631,1.4199382169575683
20241112,1.3661452597141823,1.4036363445295807,1.386876021746569
20241113,1.3721125182231575,1.409428225090135,1.379541473028908
20241114,1.3523077015798075,1.3862252078251753,1.370800240662994
20241115,1.3713074587664007,1.4076307203720189,1.372453139209783
20241118,1.3606432513988858,1.3969444466678012,1.3606112888324045
20241119,1.3946786685775672,1.4305586402125472,1.3788517092322743
20241120,1.3874728810122057,1.4232211508341106,1.369169670428082
20241121,1.4036817262273642,1.4378276528828124,1.3611616515467788
20241122,1.4308058656291711,1.4661838522259705,1.3822021629496062
20241125,1.441881044468762,1.4780005503526685,1.3848604389987502
20241126,1.4465583169201992,1.4819472383211825,1.3685903412550562
20241127,1.41741157613669,1.4491669279958463,1.347832252824079
20241128,1.4031897516130474,1.433842544341918,1.3456670100398953
20241129,1.41364201403234,1.4456101240311658,1.3434703869255062
20241202,1.418247620798712,1.450089875210912,1.372100713962859
20241203,1.4229694136429332,1.455578848948869,1.389633266529438
20241204,1.423737138907953,1.4596325812797177,1.4033844893062475
20241205,1.4155617446772633,1.4503171426865284,1.4041454623137322
20241206,1.4213092612154385,1.4593707641081046,1.3996393675897916
20241209,1.4112349508382682,1.4463545229956365,1.404465903762562
20241210,1.4070617769730533,1.4424553833366542,1.3955243200576435
20241211,1.3953113782417064,1.4277479859577993,1.3821605236652952
20241212,1.3935157370022981,1.4261632462385054,1.3908003734259295
20241213,1.3817865598912005,1.4144866219610401,1.3892120459432173
20241216,1.3756088637441075,1.4090289196600967,1.3903839805828173
20241217,1.3770594114340833,1.409686281143583,1.3890629893747408
20241218,1.3864097344856894,1.421909444118885,1.3981548365839132
20241219,1.3796696014968597,1.414571880675247,1.383887648762378
20241220,1.3568579870112623,1.3879606268018743,1.3584213038647894
20241223,1.3778007160483794,1.41210009487395,1.3942847970145238
20241224,1.3809526578173772,1.4163958484120007,1.3952322415995764
20241225,1.3957858359488424,1.4384060315673182,1.4012602823384865
20241226,1.3962508722228408,1.4415818694964035,1.4028781797477383
20241227,1.3896351327552625,1.4331176965632606,1.404612546459484
20241230,1.391815086523747,1.4420282567417044,1.399454102948001
20241231,1.3839634933724059,1.4340888609939584,1.3900943159963044
20250102,1.3743305100337964,1.42512313262341,1.3778415039868108
20250103,1.3560385591977266,1.4046803632496605,1.3824423431692565
20250106,1.3768820696436983,1.4278619765217164,1.4210286834322114
20250107,1.3644092125006084,1.4136964872224769,1.4272781968862265
20250108,1.3480612244967909,1.3961333185015095,1.4125572012124878
20250109,1.3242425974404402,1.3700180461245937,1.392872078687385
20250110,1.330337956147738,1.370637864744881,1.3886918566232713
20250113,1.2974031062005258,1.3382515578024663,1.3570985022530475
20250114,1.3185709190628851,1.3598284846054243,1.3757571258996952
20250115,1.3153282008866762,1.3592203443031456,1.358682001992651
20250116,1.341951169321098,1.3856552035399858,1.389490848107736
20250117,1.309676771749441,1.353878636743156,1.396912296201351
20250120,1.3285439922630335,1.3797302487243566,1.4040778739102124
20250121,1.317786343114047,1.3686371841273932,1.406080783832371
20250122,1.324987167050689,1.3796028838980683,1.419682950040704
20250203,1.2915029545512815,1.339467115497218,1.369552872537323
20250204,1.2955872763924283,1.3435753570038065,1.3755422913313649
20250205,1.3181468851425577,1.3713846655845103,1.3977269778509183
20250206,1.3436685511780109,1.4010555664666886,1.407081937059506
20250207,1.3477245252989967,1.4015520537347799,1.4168382024139923
20250210,1.3271992952801412,1.379069730358106,1.4031919830497939
20250211,1.3248032188293606,1.375679614578074,1.4111523279679004
20250212,1.3381642406859675,1.3870826417220492,1.4054616257786998
20250213,1.358941328140896,1.4072459680776048,1.4120792546447416
20250214,1.3636260835736267,1.404292328956892,1.3971856671548724
20250217,1.3724475480003773,1.4139179109037752,1.4184711865204587
20250218,1.3779732824022253,1.4200081247099394,1.428173743232862
20250219,1.3962491983560996,1.441790566718132,1.424430431920072
20250220,1.39516732259751,1.4406428363778954,1.4173927894035867
20250221,1.3986173512942206,1.4438930966982308,1.43204438627014
20250224,1.3970999792909544,1.442550766722233,1.4220907869160921
20250225,1.3859737661351805,1.4320535337035836,1.405218428219607
20250226,1.3872343594698564,1.4330557923700171,1.412268743561752
20250227,1.382687902253825,1.4285508398269837,1.3911853859388361
20250303,1.3761415371187837,1.4223564967421467,1.3732666139235732
20250304,1.3760659850218684,1.4224034094402342,1.363649146183458
20250305,1.3758569279783375,1.4222400999098244,1.3802457200548675
20250306,1.368625438863004,1.4152986933071732,1.370803258002437
20250307,1.366434073147679,1.4131419456102876,1.362393329507347
20250310,1.3726504978841247,1.4192480394816545,1.3553375829542047
20250311,1.36687094737902,1.4137600969275204,1.3319194080704175
20250312,1.369004360244645,1.4156597096978214,1.3444274869967758
20250313,1.367452787251463,1.4142781731376024,1.3253168659015901
20250314,1.3680346271239063,1.4147962493476847,1.3257012749466082
20250317,1.3641033011115127,1.409971458389177,1.3347882944126719
20250318,1.3766795612729343,1.4238032022551308,1.3440237669793234
20250319,1.36584522920164,1.4139600695299124,1.325265571131062
20250320,1.3784369153861067,1.4247665068365518,1.3503957844147176
20250321,1.372708773736556,1.419244513112639,1.3402478684005505
20250324,1.3648993257491222,1.4110320912447203,1.3340647364142784
20250325,1.3685502611975227,1.4151779956687993,1.3441154940983857
20250326,1.3722478907687234,1.4186217025521348,1.3433370205221327
20250327,1.3541791753758843,1.4024875054949646,1.32471822575613
20250328,1.3222640775234393,1.3695044165932804,1.3036650415276427
20250331,1.2742046003065663,1.3208022481512751,1.2489311075023732
20250401,1.2860147547029732,1.3325129680923533,1.2841899258277618
20250402,1.2959093331153166,1.3453367027972483,1.2852791853666279
20250407,1.167277670562783,1.2117551816545806,1.160610564670938
20250408,1.0476315305647461,1.0882023669298282,1.1139987049579112
20250409,0.9437583671169539,0.9795035426670071,1.0495368685689181
20250410,1.031841371803464,1.0644526141870594,1.1465907986837158
20250411,1.054969529418496,1.0872893209787047,1.178498559823884
20250414,1.080656094263086,1.1155455100694758,1.1775523221746087
20250415,1.1181535078577456,1.1554146666774492,1.1983466186789
20250416,1.0933329003544818,1.1322184335105594,1.1748312854650536
20250417,1.092641252180229,1.132253226501148,1.1670302560695291
20250418,1.0989578828882771,1.1380170596713222,1.1704277802821694
20250421,1.080678476543788,1.1233298334689712,1.152997817256647
20250422,1.0677730292559182,1.1108541345700353,1.1341231521058919
20250423,1.0944797405491857,1.136166157653292,1.1851590349100138
20250424,1.0813911910151808,1.1252445237431123,1.175483634252596
20250425,1.0977796427974287,1.1386441787634343,1.1992554413190843
20250428,1.1112898717363793,1.1461283450197808,1.209012310141459
20250429,1.130964855352322,1.158819064093046,1.2209742506286627
20250430,1.124514092314727,1.1532254300096483,1.2211190829219192
20250502,1.1388444184612436,1.164031608325498,1.2544673219121
20250505,1.119257485192863,1.1539720631619181,1.2391000121297047
20250506,1.1218056490441224,1.155738982275285,1.2384724055255933
20250507,1.1165324442618139,1.1517467602536977,1.2399146937792722
20250508,1.1239661118306392,1.156479066581657,1.2397282222017045
20250509,1.1248688099949238,1.1589710118246093,1.2621555028124622
20250512,1.1438706517301205,1.1688079360701504,1.2750998890222554
20250513,1.1504838216502618,1.173336303730888,1.2872054548669383
20250514,1.1668938542638907,1.1814625141501103,1.3145262565860976
20250515,1.1725606256387873,1.1835606411124646,1.3113508085564505
20250516,1.172412882412314,1.1836385055498428,1.318196548284371
20250519,1.1720003192020252,1.1831288209293815,1.2988940244006209
20250520,1.172412882412314,1.1836385055498428,1.2990267873361057
20250521,1.1728254456226024,1.184148190170304,1.3157959530236458
20250522,1.1722066008071697,1.1833836632396122,1.3077728474451282
20250523,1.1711751927814482,1.1821094516884592,1.3066431555577283
20250526,1.1709689111763038,1.1818546093782287,1.2996628424906569
20250527,1.169731221545438,1.180325555516845,1.2875916743156222
20250528,1.1691123767300051,1.1795610285861533,1.2888698193036103
20250529,1.1693186583351496,1.179815870896384,1.288241005763722
20250602,1.1663120747064761,1.1757157907492006,1.2674461057915416
20250603,1.1647292613418683,1.173251579537728,1.274942383903339
20250604,1.1689683382783551,1.1787550891348633,1.3045823127182667
20250605,1.1755321901441782,1.1880327444376297,1.3079822508024614
20250606,1.16548797154241,1.1745768673874357,1.3071512755199026
20250609,1.1649533116709865,1.17420109604878,1.3149740297594155
20250610,1.1694530899652928,1.1800487052894255,1.3422417263043807
20250611,1.16964303220211,1.1810408170286886,1.355998380292187
20250612,1.173054623367014,1.1858127326547914,1.3449983676193615
20250613,1.160073248790951,1.1691467651774063,1.3320316530976912
20250616,1.1645988256083073,1.17491051025329,1.330640659614541
20250617,1.1737705121680944,1.1863622884106364,1.3403981319048042
20250618,1.1733062152348726,1.1859347646035645,1.3491568648394867
20250619,1.1742132645473167,1.1868028565407,1.3278405686115833
20250620,1.1656747532969076,1.175907479000331,1.3303896169728966
20250623,1.1688939888616523,1.180073593101177,1.3114576223727272
20250624,1.1790715204211284,1.1932257624471967,1.3390204147152023
20250625,1.1753558580981467,1.1886358453017984,1.3536152856002304
20250626,1.1779666814778587,1.1920199925186719,1.3573404928763633
20250627,1.1831138204729814,1.1985017765985666,1.3626353201306631
20250630,1.1791284965061268,1.1934891025985404,1.3430793397337137
20250701,1.1801681462366107,1.1947967566855038,1.3610445787763965
20250702,1.1790916543752659,1.1935525643903566,1.362494108644738
20250703,1.1855527633019427,1.2025178300085926,1.370654804901849
20250704,1.1822195539798204,1.1980009189861118,1.360669221749707
20250707,1.1780609550578849,1.1927703026382583,1.353501230169291
20250708,1.188701049053484,1.205413587916546,1.3494911860497536
20250709,1.1870806988775775,1.2036199406088215,1.35943271604603
20250710,1.1832686498658036,1.1988252089566225,1.369464766225592
20250711,1.1827488250005616,1.1981713819131408,1.3729516036857405
20250714,1.182055725180239,1.1972996125218318,1.3647408195938784
20250715,1.1828553544429452,1.1983053728685849,1.3780756495275752
20250716,1.1828553544429452,1.1983053728685849,1.3905650209493878
20250717,1.1828553544429452,1.1983053728685849,1.3948122279491324
20250718,1.1796251094493235,1.1942865902722506,1.411096808922152
20250721,1.1778586515611351,1.1920889209833188,1.4085278461205162
20250722,1.173619152629483,1.1868145146898819,1.3872471544980385
20250723,1.1747967912216086,1.1882796275491698,1.4072068549124397
20250724,1.1725386819480148,1.185517549444337,1.4105295491068977
20250725,1.169241484770207,1.1815801316007803,1.4099653066310862
20250728,1.173032350386757,1.1862885473686575,1.4128981605695288
20250729,1.1660955891941618,1.177736857889161,1.4001372285978606
20250730,1.1678775134925194,1.1798283133445342,1.4158394630584117
20250731,1.164793421911389,1.1761638634546796,1.4207154835980447
20250801,1.1691391873211636,1.1813274064812926,1.4141895818510655
20250804,1.1723634648832546,1.1851584222752314,1.4108439558768417
20250805,1.1727840228261361,1.1856581199874843,1.4278406289583723
20250806,1.170400861149808,1.1828264996180513,1.4149728831704274
20250807,1.169279373302124,1.181493972385377,1.4485504399582643
20250808,1.169840117225966,1.1821602360017143,1.4496059052953703
20250811,1.1732045807690175,1.1861578176997372,1.4564999224543764
20250812,1.1753073704834247,1.1886563062610016,1.457879450047644
20250813,1.1772699742168713,1.1909882289181817,1.4706524513770836
20250814,1.1767363492710463,1.1903541874759895,1.4626915029910885
20250815,1.1786132342377154,1.1918619939608963,1.4685077265011113
20250818,1.175620314407273,1.1894576143589028,1.4774414651234786
20250819,1.1757865877311866,1.189591191003458,1.4696555224251686
20250820,1.1754540410833596,1.1893240377143477,1.425719439330054
20250821,1.1732924878724846,1.18758754133513,1.4460375996702652
20250822,1.1721285746050905,1.1866525048232437,1.4341094533848213
20250825,1.172294847929004,1.1867860814677988,1.4650619248573855
20250826,1.1784469609138017,1.1917284173163412,1.4667347378444973
20250827,1.1791120542094555,1.192262723894562,1.4796972280909475
20250828,1.1774493209703212,1.19092695744901,1.4625919307894748
20250829,1.1779481409420614,1.1913276873826757,1.4623897690468044
20250901,1.1761554924120974,1.1898891052598248,1.4526516077289753
20250902,1.1793911411148306,1.1925183693836223,1.4493355516812918
20250903,1.1750028063666453,1.1889593523438515,1.4543757154866155
20250904,1.175326469960133,1.1884540182601118,1.4591763025401774
20250905,1.1824583259464747,1.1938870311264016,1.4781692473970922
20250908,1.1768997412767532,1.1875758328404626,1.4813555578487336
20250909,1.1761111713269066,1.1863233690899126,1.4999302994588704
20250910,1.1896093812686948,1.1983557090230814,1.5202919094870584
20250911,1.2024411572797473,1.2092446884799175,1.5216871272454287
20250912,1.2000396580924764,1.2060313015937947,1.5373127212841313
20250915,1.193708318860297,1.1951495054244123,1.5302231805292292
20250916,1.1976634509636859,1.201024645966454,1.5466664735569424
20250917,1.1960742259175234,1.1995975939744654,1.5351167016376308
20250918,1.2029709754029234,1.210924317159668,1.5550981268960207
20250919,1.1987279881371422,1.2045474295710723,1.543572493692252
20250922,1.1962634231917844,1.2008999305073282,1.561811103688456
20250923,1.1958345381378799,1.1997431742504465,1.583944495437481
20250924,1.1970490245455367,1.2021842746142835,1.5808885340497705
20250925,1.1970490245455367,1.2021842746142835,1.570455781192199
20250926,1.1939260594972767,1.1959071593929884,1.5436901699305228
20250930,1.1987840051279033,1.2056715608483364,1.558186675549714
20251001,1.1968755264873001,1.2018355459908783,1.5679851836563998
20251002,1.1958345381378799,1.1997431742504465,1.591851131713505
20251003,1.19427305561375,1.196604616639799,1.6149440374053536
20251007,1.1946200517302232,1.1973020738866094,1.6421538010330163
20251008,1.1939260594972767,1.1959071593929884,1.6332061826492121
20251009,1.19427305561375,1.196604616639799,1.6475832016264667
20251013,1.205897425515607,1.219969434407953,1.624741942044151
20251014,1.2070952777969302,1.222377100415021,1.6168805658597698
20251015,1.2070952777969302,1.222377100415021,1.6460015122905287
20251016,1.2070952777969302,1.222377100415021,1.668460173231492
20251017,1.2070952777969302,1.222377100415021,1.6476103576814523
20251020,1.2070952777969302,1.222377100415021,1.6709199083452972
20251021,1.2070952777969302,1.222377100415021,1.6747688265385867
20251022,1.2070952777969302,1.222377100415021,1.6685229338919032
20251023,1.2070952777969302,1.222377100415021,1.6614834809717522
20251027,1.2070952777969302,1.222377100415021,1.6893256789466349
20251028,1.2070952777969302,1.222377100415021,1.6866390399067281
20251029,1.2070952777969302,1.222377100415021,1.7074967005393193
20251030,1.2070952777969302,1.222377100415021,1.7070616001916614
20251031,1.2070952777969302,1.222377100415021,1.7037920111713976
20251103,1.2070952777969302,1.222377100415021,1.7099015200752645
20251104,1.2070952777969302,1.222377100415021,1.6967441097008067
20251105,1.2070952777969302,1.222377100415021,1.6726355675524973
20251106,1.2070952777969302,1.222377100415021,1.6836422183720972
20251107,1.2070952777969302,1.222377100415021,1.6686738008640454
20251110,1.2070952777969302,1.222377100415021,1.681835435513723
20251111,1.2070952777969302,1.222377100415021,1.6767325110479885
20251112,1.2071209896371045,1.2223913610400254,1.6865171393932372
20251113,1.2033398090467602,1.21927789800542,1.6838902436742988
20251114,1.200172518299421,1.2159816629501758,1.653351147705404
20251117,1.1989032797736896,1.2150211098209263,1.6563570212583634
20251118,1.192561233978597,1.2095791640088787,1.6146459242684008
20251119,1.1941506849192554,1.2103324293043802,1.604024889429596
20251120,1.1857986719394553,1.2050162103109647,1.6550927560318125
20251121,1.1772247718008741,1.1977961462342703,1.5952637426233593
20251124,1.197244289711917,1.2146227161339844,1.5994457750911388
20251125,1.2109062108818995,1.2266528382807018,1.6240630406695113
20251126,1.2533138091665201,1.268389270693874,1.6540777230432404
20251127,1.263917125513382,1.2754627925014317,1.6628274039595943
20251128,1.275412688957439,1.282873125326772,1.6671693554178442
20251201,1.2715337107484084,1.2787921384796743,1.6500338847219431
20251202,1.2670504791818016,1.2735068456559726,1.66341518168306
20251203,1.2770598473534642,1.2869467061965816,1.6772207165698403
20251204,1.2816466651160188,1.2908574208851964,1.677381842496088
20251205,1.28350522202455,1.2925650255186751,1.6885568608565986
20251208,1.2812869573880148,1.2904366314264282,1.708042235510585
20251209,1.2809700624399383,1.2901325751275359,1.7007294116369127
20251210,1.2762166382187914,1.2855717306441496,1.7138928566902563
20251211,1.278751797803403,1.288004181035289,1.6912036710158598
20251212,1.278751797803403,1.288004181035289,1.7016599591210853
20251215,1.2904769108822323,1.2992542640943079,1.681680344266361
20251216,1.2891451440181936,1.2979764522953976,1.6617490068427225
20251217,1.2891451440181936,1.2979764522953976,1.6610556222387571
20251218,1.2891451440181936,1.2979764522953976,1.6576375801179055
20251219,1.2891451440181936,1.2979764522953976,1.6713857855552718
20251222,1.2891451440181936,1.2979764522953976,1.698740381476191
20251223,1.2891451440181936,1.2979764522953976,1.7084459555280376
20251224,1.2891451440181936,1.2979764522953976,1.712157886510622
20251226,1.2891451440181936,1.2979764522953976,1.7232641095318357
20251229,1.2891451440181936,1.2979764522953976,1.7386446956077797
20251230,1.2891451440181936,1.2979764522953976,1.7323831127959937
20251231,1.2891451440181936,1.2979764522953976,1.7478602537341084
20260102,1.2891451440181936,1.2979764522953976,1.7711667870585106
20260105,1.2891451440181936,1.2979764522953976,1.8167424924068654
20260106,1.2891451440181936,1.2979764522953976,1.845181520123542
20260107,1.2891451440181936,1.2979764522953976,1.8366828818488325
20260108,1.2891451440181936,1.2979764522953976,1.8321617004276778
20260109,1.2891451440181936,1.2979764522953976,1.827841473813416
20260112,1.2891451440181936,1.2979764522953976,1.8446377955559419
20260113,1.2891451440181936,1.2979764522953976,1.85308212172068
20260114,1.2891451440181936,1.2979764522953976,1.8672370645149416
20260115,1.2891451440181936,1.2979764522953976,1.8593195658169237
20260116,1.2891451440181936,1.2979764522953976,1.8954141871679797
20260119,1.2891451440181936,1.2979764522953976,1.9093295532104795
20260120,1.2891451440181936,1.2979764522953976,1.9166134106255006
20260121,1.2891451440181936,1.2979764522953976,1.8856180929328479
20260122,1.2891451440181936,1.2979764522953976,1.9157739867925019
20260123,1.2891451440181936,1.2979764522953976,1.9287744955159318
20260126,1.2963246992625146,1.3049686142820205,1.9349908182360755
20260127,1.29641425290605,1.3050558304898194,1.9502826945323999
20260128,1.29641425290605,1.3050558304898194,1.9796051992379409
20260129,1.29641425290605,1.3050558304898194,1.963459415879292
20260130,1.29641425290605,1.3050558304898194,1.9349443512086557
20260202,1.29641425290605,1.3050558304898194,1.908408661212524
20260203,1.3035618525181958,1.3107207974487556,1.942886592090105
20260204,1.307631608631005,1.3139463605973707,1.948586346297634
20260205,1.3079918046567447,1.3142318408558185,1.9191045260695112
20260206,1.3079918046567447,1.3142318408558185,1.917997162493988
20260209,1.3079918046567447,1.3142318408558185,1.9555147611262884
20260210,1.3079918046567447,1.3142318408558185,1.9958475374587608
20260211,1.3076753839642945,1.3138665666555065,2.027996685754356
20260223,1.313273654185588,1.3203291771200074,2.0381077902273206
20260224,1.3128430180147193,1.3198320532381227,2.0940830576993754
20260225,1.3249008307990437,1.3337515219308937,2.137065058062663
20260226,1.32281461386927,1.3313432052851035,2.1371507505028395
20260302,1.32281461386927,1.3313432052851035,2.1178759861419634
20260303,1.32281461386927,1.3313432052851035,2.0713220593462394
20260304,1.32281461386927,1.3313432052851035,1.9811174897666932
20260305,1.32281461386927,1.3313432052851035,2.032053800369202
20260306,1.3173313942036704,1.3270075269336,2.0276243460671095
20260309,1.2952667177786887,1.3087961709683011,1.9377607358446045
20260310,1.2985139994180186,1.311437714150018,1.9776771193339648
20260311,1.3219427726179187,1.333218600172389,2.058681820952285
20260312,1.3123337034189115,1.3244668367132486,2.0265574148401204
20260313,1.3178667855289798,1.3363536149183535,2.015602058791049
20260316,1.331151894515827,1.354450348245388,2.0121134109272347
20260317,1.3410147928616232,1.3594279886697256,2.0419283454298474
20260318,1.3324355340755658,1.354423064320388,2.0728265047924403
20260319,1.3069452986183174,1.3345208547796439,2.033064005614665
20260320,1.3256831005872745,1.349056265138076,2.024265443799337
20260323,1.2916630919947938,1.3292728861167509,1.9746977983681022
20260324,1.296681243735043,1.3324635760519346,1.9680439614287466
20260325,1.3054916191441217,1.3408328138682297,2.0179429107308056
20260326,1.3058023652100927,1.340178164948414,2.011818315129725
20260327,1.3142675887491897,1.344816540222644,1.9982384772332686
20260330,1.3016283292439605,1.3340220709246275,1.9623665355330946
20260331,1.2882376131665632,1.3264811974413981,1.9143805794377975
20260401,1.3050012849701011,1.3438404672215194,2.0019938579038303
20260402,1.267319492513813,1.3093888326772403,1.9656415557643556
20260407,1.2595737435990206,1.3040360859952675,2.005312931290957
20260408,1.2996895283822576,1.3497663612487876,2.097737659232546
20260409,1.2766802824439216,1.32161480800348,2.103759061824682
20260410,1.2959663417178804,1.3338650294819783,2.1373523087776216
20260413,1.3185162463435038,1.3520514085718003,2.1397335930659125
20260414,1.3235713625811396,1.364381582681759,2.1903542899626998
20260415,1.3260434748506165,1.3736429845001765,2.2160632289514925
20260416,1.3542525681996476,1.410562664294568,2.240798170768136
20260417,1.3631859937077104,1.42069051320934,2.221023734995525
20260420,1.3639878004738037,1.4252583908295025,2.2303449000023536
20260421,1.371645089933148,1.4355195016974327,2.269347633108421
20260422,1.3893608011325764,1.4493753027254144,2.285844031310328
20260423,1.3883993961976133,1.4524756412122786,2.2759278469653714
20260424,1.3797484328129683,1.4464345584551757,2.3494453224902223
20260427,1.3820604910230703,1.4492256466840057,2.390736405829741
20260428,1.390499276040086,1.453751125547687,2.385009495567227
20260429,1.3851908530632517,1.4515371858860766,2.3718400158349975
20260430,1.3870204190096143,1.4541039804862086,2.3490971215185183
20260504,1.4007412817352347,1.4761441923680312,2.456424488968305
20260505,1.4075016192413032,1.4815765430229924,2.460295735473472
20260506,1.4108881611199582,1.4828886841484699,2.4825974947634073
20260507,1.4169272930692114,1.49347617490081,2.530568967629379
20260508,1.4075650065564802,1.4853348828671193,2.5106641827928375
20260511,1.4102041987754572,1.4852399345528058,2.521895927134873
20260512,1.399204855519653,1.478246748905239,2.5284290704965153
20260513,1.3931679965256916,1.4743364629593416,2.496818215557523
20260514,1.3769622079495094,1.4603662605186136,2.5195840416537676
20260515,1.3649132947745264,1.4477070260164615,2.4846197156580003
20260518,1.3682728074599382,1.4512942058653926,2.467690027512101
20260519,1.363075710151184,1.4459305635923319,2.4244660365254975
20260520,1.3567412550664804,1.438698472741073,2.415127974417789
20260521,1.361623602183918,1.4441772655847873,2.4964386342556133
20260522,1.3597960356304668,1.442049967388366,2.550736260997448
20260525,1.3616056039223001,1.4440622143736848,2.633799391583675
20260526,1.349194089180342,1.4300888238815035,2.626616313306045
20260527,1.3393299517710888,1.4189996144034402,2.6707557650796065
20260528,1.3511385442915982,1.4323607195638224,2.6333190311443744
20260529,1.3633608171816378,1.4489482817682022,2.699489285125905
20260601,1.3792483683856243,1.4662548548750816,2.73599728198063
20260602,1.389310688044539,1.475969556063965,2.7492373674558217
20260603,1.3918024568535583,1.4794137326745043,2.8036611189863674
20260604,1.3975567442279488,1.4879187226811605,2.7564880341369715
20260605,1.397254677312441,1.487725737541276,2.7198864997595185
20260608,1.3945579423511083,1.484600501700469,2.6252530793457685
20260609,1.3942976037067643,1.4842987962404528,2.6977694016434848
20260610,1.3942976037067643,1.4842987962404528,2.6085225356030968
20260611,1.3942976037067643,1.4842987962404528,2.603931351906868
20260612,1.3942976037067643,1.4842987962404528,2.66545973088953
20260615,1.3942976037067643,1.4842987962404528,2.7395625702662922
20260616,1.388276956613426,1.4804616634410852,2.764437516633084
20260617,1.3846874737449775,1.4781739820284787,2.7685531676331205
20260618,1.3855848444620897,1.4787459023816305,2.804025613591062
20260622,1.3985385289618817,1.4869815469872802,2.881046823676942
20260623,1.413982339798784,1.4973030633196631,2.8423729805701448
20260624,1.4262326188980863,1.5098978041368438,2.7785834074090165
20260625,1.4266574622411945,1.5146516482469574,2.791356408738457
20260626,1.4158639408011149,1.5082437411851866,2.6897625896979585
20260629,1.4266769659477654,1.5157694295803985,2.715599463879128
20260630,1.433116981332575,1.5210829994699477,2.783550551599824
20260701,1.396009044529681,1.4884288079906205,2.8374450617920943
20260702,1.3827229959507994,1.4738022715725074,2.8208599538105683
20260703,1.4021542197363779,1.493930966782857,2.8230601977322887
20260706,1.4092026010554193,1.507329298819011,2.809528637266918
20260707,1.3901757146625209,1.49882815856358,2.7445182485672164
20260708,1.398205801069253,1.5035246622882557,2.759924783762369
20260709,1.3558365166428976,1.4742536204521564,2.7370050733545392
20260713,1.3214869778393765,1.4498929690733473,2.73856865865382
20260714,1.279260289232879,1.420771712055077,2.6997916225380774
20260715,1.298899071730445,1.4352669804452485,2.7537199269321078
20260716,1.2824495330668078,1.4232378109087485,2.753321034657765
20260717,1.2062341870888453,1.3682876489408766,2.5750741209434134
20260720,1.191033352906664,1.3587711701354257,2.5617030829364023
20260721,1.2001579244540703,1.3631540998133782,2.6693116664222623
20260722,1.2299627073801602,1.3821652727822547,2.705091881003374
20260723,1.2374949247054128,1.3882442721969679,2.7066023611284606
20260724,1.2174612435185925,1.3726987479471413,2.63442941205934
20260727,1.2182206843449412,1.371044717752942,2.6331832508694464
20260728,1.1539306145092434,1.322699278062502,2.5106291816553004
20260729,1.1101497423086246,1.2908780069250974,2.416235941461201
20260730,1.0865686047625285,1.272341828089051,2.4098464234570383
20260731,1.1159452603245634,1.2945793537646841,2.602138448809931
20260803,1.1676043226327892,1.3516214093814511,2.6182305235264978
20260804,1.2035720620724015,1.397641543280318,2.616676593713434
20260805,1.2274533750169665,1.4326932670938999,2.692166805766015
20260806,1.252879870953886,1.446411037428764,2.679198280840679
20260807,1.2303149315627866,1.4290734983228455,2.6688916527718187
20260810,1.2569827994153746,1.4528030070332103,2.7113063933198522
20260811,1.2461110697333575,1.4434282743538929,2.722890562908812
20260812,1.2490027608748406,1.4454215963265447,2.746869359461079
20260813,1.2556133009354085,1.450717553449977,2.7772485364395036
20260814,1.2529504758877361,1.4477711822145138,2.7645473477888034
20260817,1.2462530795659823,1.4421901420783492,2.7673389902413206
20260818,1.2443460318791286,1.4366204367468987,2.7342333453423446
20260819,1.2398869801733334,1.4320215236244174,2.69866917226534
20260820,1.254051990841755,1.4495549406087704,2.711606920328359
20260821,1.2632784541866107,1.464460296146234,2.7291406798307154
20260824,1.266920281715573,1.4717450128249012,2.7012622737825187
20260825,1.2652109113186358,1.4703775539506152,2.7258318653976943
20260826,1.2720049647757905,1.475704847941393,2.765851441896
20260827,1.2731300689968843,1.4765689733554617,2.7744568939869856
20260828,1.2726760872128196,1.4764932644143425,2.7959542305814593
20260831,1.2713891342955832,1.4758050967892635,2.783705039379297
20260901,1.2731419328231128,1.4773150971699156,
20260902,1.2683493828508168,1.4736069287835325,
20260903,1.2600630996496898,1.4676248834502992,
20260904,1.262400164353063,1.4696382172911684,
20260907,1.2805755444129323,1.4840343899417308,
20260908,1.2867004493587586,1.4904672909048156,
20260909,1.285618773268258,1.4897457069971132,
20260910,1.283996259132507,1.4886633311355593,
20260911,1.283996259132507,1.4886633311355593,
20260914,1.2807512308610047,1.4864985794124517,
20260915,1.281292068906255,1.486859371366303,
20260916,1.2823737449967558,1.4875809552740056,
20260917,1.2829145830420061,1.4879417472278567,
20260918,1.283996259132507,1.4886633311355593,
20260921,1.2867004493587586,1.4904672909048156,
20260922,1.287241287404009,1.4908280828586669,
20260923,1.287241287404009,1.4908280828586669,
20260924,1.2937313439470133,1.495157586304882,
20260929,1.2937313439470133,1.495157586304882,
20260930,1.2926496678565127,1.4944360023971797,
20261001,1.2926496678565127,1.4944360023971797,
20261002,1.2930711835080295,1.4947171946262123,
20261005,1.2930711835080295,1.4947171946262123,
20261006,1.2930711835080295,1.4947171946262123,
20261007,1.2930711835080295,1.4947171946262123,
20261008,1.2930711835080295,1.4947171946262123,
