t,s,e,x,ret,days,date,gone,stock_id,entry_date,exit_date
973,17,974,978,0.09734591495482126,4,20250106,False,1225,20250107,20250113
964,35,965,977,-0.09341747221454422,12,20241223,False,1303,20241224,20250110
424,37,425,428,0.03195521536964585,3,20220929,False,1305,20220930,20221005
1031,37,1032,1034,0.055395445456532855,2,20250410,False,1305,20250411,20250415
327,39,328,339,0.058313589545352595,11,20220513,False,1308,20220516,20220531
1031,39,1032,1034,0.06720698105413692,2,20250410,False,1308,20250411,20250415
1031,40,1032,1034,0.05738197547004842,2,20250410,False,1309,20250411,20250415
1351,40,1352,1360,0.06911270780601964,8,20260731,False,1309,20260803,20260813
371,42,372,378,0.03154077552411616,6,20220715,False,1312,20220718,20220726
1299,42,1300,1309,0.08666127497960319,9,20260518,False,1312,20260519,20260601
362,46,363,368,0.05479759755350733,5,20220704,False,1316,20220705,20220712
434,46,435,450,-0.0022248492177291412,15,20221014,False,1316,20221017,20221107
914,46,915,955,-0.055531442022326516,40,20241011,False,1316,20241014,20241210
964,52,965,971,-0.08389166492720224,6,20241223,False,1326,20241224,20250102
1031,73,1032,1034,0.08666127497960319,2,20250410,False,1436,20250411,20250415
1031,77,1032,1035,0.035120028735511344,3,20250410,False,1440,20250411,20250416
1028,85,1029,1031,-0.03374587148552821,2,20250407,False,1449,20250408,20250410
362,88,363,369,-0.13825698034379297,6,20220704,False,1453,20220705,20220713
369,88,370,381,0.16632631294642408,11,20220713,False,1453,20220714,20220729
422,88,423,432,-0.09100685329094893,9,20220927,False,1453,20220928,20221012
434,88,435,459,0.07981642749547913,24,20221014,False,1453,20221017,20221118
892,88,893,913,-0.10907274349498386,20,20240905,False,1453,20240906,20241009
353,90,354,362,-0.10830381893528429,8,20220621,False,1455,20220622,20220704
362,90,363,390,-0.02714943246753576,27,20220704,False,1455,20220705,20220811
1031,95,1032,1045,0.11405707253276898,13,20250410,False,1463,20250411,20250430
1031,96,1032,1072,-0.06806984134901428,40,20250410,False,1464,20250411,20250610
1028,107,1029,1031,-0.02037247175599155,2,20250407,False,1476,20250408,20250410
1269,110,1270,1290,0.11420894586219488,20,20260401,False,1504,20260402,20260505
434,115,435,457,0.03959580617385261,22,20221014,False,1514,20221017,20221116
1031,115,1032,1033,0.10826113983601826,1,20250410,False,1514,20250411,20250414
262,116,263,265,0.019044899639818258,2,20220207,False,1515,20220208,20220210
353,116,354,361,-0.12027682869042555,7,20220621,False,1515,20220622,20220701
1031,121,1032,1035,0.1554658160544109,3,20250410,False,1522,20250411,20250416
977,126,978,989,0.07575831904335284,11,20250110,False,1528,20250113,20250206
1031,127,1032,1035,0.11432044879107894,3,20250410,False,1529,20250411,20250416
1031,130,1032,1047,0.08324700297092069,15,20250410,False,1532,20250411,20250505
1031,133,1032,1035,0.20115346052693406,3,20250410,False,1536,20250411,20250416
434,136,435,450,0.2311586009765736,15,20221014,False,1539,20221017,20221107
434,140,435,457,0.14481037330627067,22,20221014,False,1560,20221017,20221116
1031,141,1032,1035,0.07900687202249612,3,20250410,False,1563,20250411,20250416
434,143,435,467,0.13545816602616112,32,20221014,False,1568,20221017,20221130
1351,143,1352,1355,0.055340798563483506,3,20260731,False,1568,20260803,20260806
1042,144,1043,1055,0.16891603435439562,12,20250425,False,1569,20250428,20250515
362,149,363,368,0.08036178932754745,5,20220704,False,1584,20220705,20220712
434,149,435,456,0.09353610065251239,21,20221014,False,1584,20221017,20221115
898,151,899,907,0.07199867906533552,8,20240913,False,1587,20240916,20240927
1252,151,1253,1263,-0.08325145728685257,10,20260309,False,1587,20260310,20260324
1263,151,1264,1272,0.054003884772062305,8,20260324,False,1587,20260325,20260408
1031,153,1032,1034,0.13795130972868686,2,20250410,False,1590,20250411,20250415
983,157,984,996,0.1112292690226202,12,20250120,False,1595,20250121,20250217
1344,157,1345,1350,-0.1603375506975091,5,20260722,False,1595,20260723,20260730
1031,159,1032,1034,0.0630382037843944,2,20250410,False,1598,20250411,20250415
1031,161,1032,1033,0.07189685548259761,1,20250410,False,1603,20250411,20250414
1033,161,1034,1037,0.07109152351003378,3,20250414,False,1603,20250415,20250418
1031,163,1032,1035,0.09828332070131007,3,20250410,False,1605,20250411,20250416
369,164,370,378,0.04826335006866311,8,20220713,False,1608,20220714,20220726
1031,164,1032,1033,0.16407945879756447,1,20250410,False,1608,20250411,20250414
1033,164,1034,1047,0.07871990210972446,13,20250414,False,1608,20250415,20250505
434,165,435,444,0.025958027016682816,9,20221014,False,1609,20221017,20221028
1031,165,1032,1033,0.08178425382962451,1,20250410,False,1609,20250411,20250414
1033,165,1034,1047,0.11545626117021279,13,20250414,False,1609,20250415,20250505
1031,166,1032,1035,0.0823661711259287,3,20250410,False,1611,20250411,20250416
362,167,363,367,-0.028684910027605315,4,20220704,False,1612,20220705,20220711
362,178,363,368,0.12300446143377042,5,20220704,False,1708,20220705,20220712
1031,180,1032,1045,0.06523569877929725,13,20250410,False,1710,20250411,20250430
1031,181,1032,1033,0.07512626362675867,1,20250410,False,1711,20250411,20250414
1033,181,1034,1055,0.05303825340114665,21,20250414,False,1711,20250415,20250515
1351,181,1352,1354,0.1161901139736139,2,20260731,False,1711,20260803,20260805
362,188,363,377,0.1504290745249519,14,20220704,False,1721,20220705,20220725
434,188,435,451,0.06704966870433537,16,20221014,False,1721,20221017,20221108
1347,188,1348,1378,0.17343063263892766,30,20260727,False,1721,20260728,20260908
354,194,355,362,-0.11646265106387077,7,20220622,False,1727,20220623,20220704
362,194,363,377,0.1267534273550679,14,20220704,False,1727,20220705,20220725
434,194,435,456,0.054179552086191185,21,20221014,False,1727,20221017,20221115
1031,194,1032,1035,0.08995487625201215,3,20250410,False,1727,20250411,20250416
353,197,354,361,-0.11286518628807218,7,20220621,False,1732,20220622,20220701
369,197,370,377,0.07631053000361065,7,20220713,False,1732,20220714,20220725
184,201,185,205,0.05679971667298345,20,20211007,False,1736,20211008,20211108
1067,201,1068,1080,0.03941513258918583,12,20250603,False,1736,20250604,20250620
353,205,354,356,0.13390741737002054,2,20220621,False,1760,20220622,20220624
369,214,370,373,0.03890642580705461,3,20220713,False,1785,20220714,20220719
424,214,425,428,0.07770079969866206,3,20220929,False,1785,20220930,20221005
434,214,435,452,0.05679971667298345,17,20221014,False,1785,20221017,20221109
1351,214,1352,1354,0.15819326010176837,2,20260731,False,1785,20260803,20260805
1031,215,1032,1035,0.07198593689632271,3,20250410,False,1786,20250411,20250416
1031,217,1032,1035,0.05435622035367649,3,20250410,False,1789,20250411,20250416
184,218,185,213,0.15153292126696383,28,20211007,False,1795,20211008,20211118
1028,218,1029,1033,0.10796590152170116,4,20250407,False,1795,20250408,20250414
188,221,189,209,0.04231471533516795,20,20211014,False,1802,20211015,20211112
1031,221,1032,1034,0.08340292033198815,2,20250410,False,1802,20250411,20250415
1031,231,1032,1034,0.05713243598559181,2,20250410,False,1904,20250411,20250415
1031,232,1032,1035,0.05076164710027009,3,20250410,False,1905,20250411,20250416
1031,234,1032,1033,0.025701540563338954,1,20250410,False,1907,20250411,20250414
327,238,328,351,-0.15099633389031597,23,20220513,False,2007,20220516,20220617
353,238,354,362,-0.10629052791256,8,20220621,False,2007,20220622,20220704
362,238,363,403,-0.02033734161046019,40,20220704,False,2007,20220705,20220830
184,240,185,190,0.1532134460426091,5,20211007,False,2009,20211008,20211018
353,240,354,369,-0.10994102594518751,15,20220621,False,2009,20220622,20220713
369,240,370,373,0.08418466267687963,3,20220713,False,2009,20220714,20220719
373,240,374,410,-0.12709871071362744,36,20220719,False,2009,20220720,20220908
423,240,424,426,0.03726758066234859,2,20220928,False,2009,20220929,20221003
327,241,328,339,0.04466470396589872,11,20220513,False,2010,20220516,20220531
353,241,354,361,-0.10421314027768358,7,20220621,False,2010,20220622,20220701
369,241,370,378,0.043543436293202786,8,20220713,False,2010,20220714,20220726
1031,244,1032,1072,-0.08415170135498318,40,20250410,False,2014,20250411,20250610
1031,245,1032,1067,0.05623288195001308,35,20250410,False,2015,20250411,20250603
353,246,354,362,-0.10029120243624245,8,20220621,False,2017,20220622,20220704
362,246,363,370,0.032498033054602304,7,20220704,False,2017,20220705,20220714
1031,247,1032,1035,0.06689301456520247,3,20250410,False,2020,20250411,20250416
184,248,185,224,-0.10769217439915979,39,20211007,False,2022,20211008,20211203
195,249,196,206,0.05146195774052709,10,20211025,False,2023,20211026,20211109
353,249,354,361,-0.07711655380952576,7,20220621,False,2023,20220622,20220701
362,249,363,383,0.02534181357927401,20,20220704,False,2023,20220705,20220802
353,252,354,356,-0.0636903899464707,2,20220621,False,2027,20220622,20220624
327,253,328,349,-0.08720452901713338,21,20220513,False,2028,20220516,20220615
353,253,354,361,-0.1361885365052684,7,20220621,False,2028,20220622,20220701
362,253,363,383,0.1287060071985986,20,20220704,False,2028,20220705,20220802
353,255,354,361,-0.08641865258925319,7,20220621,False,2030,20220622,20220701
369,255,370,374,0.0823661711259287,4,20220713,False,2030,20220714,20220720
353,256,354,362,-0.09287406610398341,8,20220621,False,2031,20220622,20220704
353,257,354,360,-0.04800481204017171,6,20220621,False,2032,20220622,20220630
369,257,370,383,0.07643539758551277,13,20220713,False,2032,20220714,20220802
1031,257,1032,1035,0.07829477059796686,3,20250410,False,2032,20250411,20250416
184,258,185,204,0.0326656836762691,19,20211007,False,2033,20211008,20211105
353,261,354,361,-0.12494672579351407,7,20220621,False,2038,20220622,20220701
362,261,363,374,0.06392185981414045,11,20220704,False,2038,20220705,20220720
1031,261,1032,1051,0.058313589545352595,19,20250410,False,2038,20250411,20250509
1031,263,1032,1033,0.17324926217420877,1,20250410,False,2059,20250411,20250414
1033,263,1034,1043,0.13169275444547002,9,20250414,False,2059,20250415,20250428
1031,264,1032,1035,0.13524038063495425,3,20250410,False,2061,20250411,20250416
1031,265,1032,1035,0.06394291714931732,3,20250410,False,2062,20250411,20250416
327,271,328,351,-0.1300010720271998,23,20220513,False,2069,20220516,20220617
353,271,354,361,-0.08908622882613104,7,20220621,False,2069,20220622,20220701
362,271,363,368,0.04560921508261839,5,20220704,False,2069,20220705,20220712
1031,275,1032,1033,0.07117785312424418,1,20250410,False,2101,20250411,20250414
1033,275,1034,1046,0.05494722066526503,12,20250414,False,2101,20250415,20250502
1031,278,1032,1033,0.04227853515830193,1,20250410,False,2104,20250411,20250414
1087,279,1088,1090,0.023255224878625302,2,20250701,False,2105,20250702,20250704
369,282,370,373,0.029846293624037568,3,20220713,False,2108,20220714,20220719
1031,282,1032,1057,0.038705997243738466,25,20250410,False,2108,20250411,20250519
1031,287,1032,1033,0.07582573473492049,1,20250410,False,2204,20250411,20250414
1033,287,1034,1036,0.04868494533667245,2,20250414,False,2204,20250415,20250417
1031,302,1032,1033,0.09138588921864477,1,20250410,False,2241,20250411,20250414
1033,302,1034,1046,0.08605164733585569,12,20250414,False,2241,20250415,20250502
937,303,938,956,-0.1095919318729004,18,20241114,False,2243,20241115,20241211
1031,308,1032,1033,0.13807619463976328,1,20250410,False,2258,20250411,20250414
1033,308,1034,1035,0.0248922418544002,1,20250414,False,2258,20250415,20250416
686,309,687,692,0.029259419738908887,5,20231101,False,2301,20231102,20231109
1031,310,1032,1034,0.1257302004178329,2,20250410,False,2302,20250411,20250415
1351,311,1352,1378,0.12261351879063809,26,20260731,False,2303,20260803,20260908
960,312,961,967,0.10988395513760496,6,20241217,False,2305,20241218,20241226
977,312,978,994,0.1765870181167548,16,20250110,False,2305,20250113,20250213
1351,315,1352,1354,0.22270237321554065,2,20260731,False,2313,20260803,20260805
276,316,277,278,0.05913599131342728,1,20220225,False,2314,20220301,20220302
278,316,279,282,-0.14385417781235332,3,20220302,False,2314,20220303,20220308
369,316,370,376,0.11442678046022747,6,20220713,False,2314,20220714,20220722
434,316,435,452,0.05849783634018979,17,20221014,False,2314,20221017,20221109
1031,318,1032,1033,0.18474187437236878,1,20250410,False,2317,20250411,20250414
1033,318,1034,1053,0.13849607148707554,19,20250414,False,2317,20250415,20250513
1031,321,1032,1034,0.10047593649726916,2,20250410,False,2324,20250411,20250415
1031,322,1032,1033,0.07818119814029734,1,20250410,False,2327,20250411,20250414
1033,322,1034,1053,0.08177015451187253,19,20250414,False,2327,20250415,20250513
1351,322,1352,1359,0.12780257874653977,7,20260731,False,2327,20260803,20260812
1040,323,1041,1053,0.10675752146116113,12,20250423,False,2328,20250424,20250513
365,324,366,374,0.061026144092688694,8,20220707,False,2329,20220708,20220720
1031,326,1032,1033,0.09660783127232264,1,20250410,False,2331,20250411,20250414
1033,326,1034,1051,0.17638277665261093,17,20250414,False,2331,20250415,20250509
1026,327,1027,1029,-0.1887090026524817,2,20250401,False,2332,20250402,20250408
1351,328,1352,1354,0.19060278823852173,2,20260731,False,2337,20260803,20260805
434,329,435,444,0.0847220676426832,9,20221014,False,2338,20221017,20221028
1351,329,1352,1355,0.07666689870470722,3,20260731,False,2338,20260803,20260806
288,330,289,291,0.04027415335992046,2,20220316,False,2340,20220317,20220321
1031,330,1032,1033,0.11028434617481198,1,20250410,False,2340,20250411,20250414
1033,330,1034,1045,0.05508702372356811,11,20250414,False,2340,20250415,20250430
369,331,370,372,0.052300444150208625,2,20220713,False,2342,20220714,20220718
434,331,435,437,0.08658507152413475,2,20221014,False,2342,20221017,20221019
960,332,961,963,0.01188095689145885,2,20241217,False,2344,20241218,20241220
978,332,979,982,0.029052595782365298,3,20250113,False,2344,20250114,20250117
1351,332,1352,1354,0.23650911465070346,2,20260731,False,2344,20260803,20260805
184,333,185,186,0.014442171611393606,1,20211007,False,2345,20211008,20211012
1031,335,1032,1034,0.054964495907550814,2,20250410,False,2348,20250411,20250415
932,337,933,973,-0.09245718837700923,40,20241107,False,2351,20241108,20250106
1031,338,1032,1033,0.09683736718676994,1,20250410,False,2352,20250411,20250414
1033,338,1034,1054,0.06025901893789931,20,20250414,False,2352,20250415,20250514
1031,341,1032,1034,0.11276411607928138,2,20250410,False,2355,20250411,20250415
1351,341,1352,1354,0.09546329602768089,2,20260731,False,2355,20260803,20260805
686,342,687,695,0.03828888366450345,8,20231101,False,2356,20231102,20231114
1031,342,1032,1033,0.10047854303717796,1,20250410,False,2356,20250411,20250414
1033,342,1034,1074,-0.004283325688483108,40,20250414,False,2356,20250415,20250612
327,344,328,334,0.045368399860900466,6,20220513,False,2358,20220516,20220524
988,346,989,1024,-0.17172913207595464,35,20250205,False,2360,20250206,20250328
1031,346,1032,1033,0.11895731957508104,1,20250410,False,2360,20250411,20250414
1033,346,1034,1043,0.08068964359940156,9,20250414,False,2360,20250415,20250428
1031,347,1032,1033,0.17102050553723025,1,20250410,False,2362,20250411,20250414
1033,347,1034,1035,0.04239126754291278,1,20250414,False,2362,20250415,20250416
750,349,751,752,0.10602444809042999,1,20240131,False,2364,20240201,20240202
1028,350,1029,1035,0.0639706934368367,6,20250407,False,2365,20250408,20250416
1351,351,1352,1354,0.13233690848169655,2,20260731,False,2367,20260803,20260805
799,352,800,816,0.04614709588315713,16,20240423,False,2368,20240424,20240517
353,353,354,361,-0.09903317324568683,7,20220621,False,2369,20220622,20220701
362,353,363,376,0.06038060827493341,13,20220704,False,2369,20220705,20220722
424,353,425,428,0.07551118537546464,3,20220929,False,2369,20220930,20221005
434,353,435,447,0.04396897763886454,12,20221014,False,2369,20221017,20221102
1031,353,1032,1034,0.06787666414967819,2,20250410,False,2369,20250411,20250415
184,357,185,197,0.04208178602471846,12,20211007,False,2375,20211008,20211027
315,357,316,318,0.05638704781681114,2,20220426,False,2375,20220427,20220429
362,357,363,372,0.1369826100699887,9,20220704,False,2375,20220705,20220718
1031,358,1032,1033,0.18180793846390642,1,20250410,False,2376,20250411,20250414
1033,358,1034,1043,0.07581789803754035,9,20250414,False,2376,20250415,20250428
365,360,366,376,0.10653577499712918,10,20220707,False,2379,20220708,20220722
283,361,284,315,-0.13902690933164752,31,20220309,False,2380,20220310,20220426
799,363,800,805,0.08934017996050314,5,20240423,False,2383,20240424,20240502
1031,363,1032,1033,0.13891363113324373,1,20250410,False,2383,20250411,20250414
1033,363,1034,1043,0.05994524000361756,9,20250414,False,2383,20250415,20250428
1031,364,1032,1033,0.06406529383636017,1,20250410,False,2385,20250411,20250414
1031,365,1032,1035,0.04944884942673822,3,20250410,False,2387,20250411,20250416
184,366,185,193,0.14220430091175262,8,20211007,False,2388,20211008,20211021
276,366,277,279,0.054276595219035384,2,20220225,False,2388,20220301,20220303
353,366,354,357,0.13993883980284005,3,20220621,False,2388,20220622,20220627
434,366,435,449,0.13619352103407323,14,20221014,False,2388,20221017,20221104
871,366,872,878,0.1986610135396285,6,20240807,False,2388,20240808,20240816
1028,366,1029,1035,0.0890785194739967,6,20250407,False,2388,20250408,20250416
369,367,370,376,0.055951282425831916,6,20220713,False,2390,20220714,20220722
353,372,354,361,-0.07647163176466865,7,20220621,False,2399,20220622,20220701
362,372,363,374,0.18244797462044948,11,20220704,False,2399,20220705,20220720
424,372,425,428,0.0505318719751664,3,20220929,False,2399,20220930,20221005
434,372,435,438,0.1000134456551558,3,20221014,False,2399,20221017,20221020
962,372,963,1003,-0.037670678679390335,40,20241219,False,2399,20241220,20250226
1351,372,1352,1353,0.10978172763874361,1,20260731,False,2399,20260803,20260804
1353,372,1354,1356,0.04308129132285998,2,20260804,False,2399,20260805,20260807
369,373,370,373,0.06715850689983771,3,20220713,False,2401,20220714,20220719
434,373,435,449,0.037267580662348365,14,20221014,False,2401,20221017,20221104
1031,374,1032,1034,0.10348551105033721,2,20250410,False,2402,20250411,20250415
327,377,328,330,0.03825997018355176,2,20220513,False,2406,20220516,20220518
434,377,435,454,0.06324975367569463,19,20221014,False,2406,20221017,20221111
1031,377,1032,1034,0.06885838074553297,2,20250410,False,2406,20250411,20250415
896,378,897,908,0.03107757804970035,11,20240911,False,2408,20240912,20240930
960,378,961,972,-0.0891824864895554,11,20241217,False,2408,20241218,20250103
973,378,974,977,-0.1129044618882542,3,20250106,False,2408,20250107,20250110
1269,378,1270,1287,0.07904092943276164,17,20260401,False,2408,20260402,20260429
1031,379,1032,1034,0.10784788591701,2,20250410,False,2409,20250411,20250415
1351,381,1352,1353,0.05250359095409851,1,20260731,False,2413,20260803,20260804
1353,381,1354,1358,0.09572060810786276,4,20260804,False,2413,20260805,20260811
369,384,370,376,0.12168858744146438,6,20220713,False,2417,20220714,20220722
1031,384,1032,1034,0.08019601338933557,2,20250410,False,2417,20250411,20250415
686,387,687,690,0.05607507144519541,3,20231101,False,2421,20231102,20231107
1031,387,1032,1033,0.1420350754315889,1,20250410,False,2421,20250411,20250414
1033,387,1034,1047,0.09526723490157418,13,20250414,False,2421,20250415,20250505
424,391,425,428,0.05680540649836208,3,20220929,False,2426,20220930,20221005
1031,391,1032,1035,0.09277353815598555,3,20250410,False,2426,20250411,20250416
1031,392,1032,1035,0.14794431474688374,3,20250410,False,2427,20250411,20250416
1253,394,1254,1257,0.048050984333236624,3,20260310,False,2429,20260311,20260316
1351,394,1352,1362,0.2268582293159318,10,20260731,False,2429,20260803,20260817
1031,396,1032,1045,0.11505230549861567,13,20250410,False,2431,20250411,20250430
353,400,354,362,-0.14623441515669022,8,20220621,False,2436,20220622,20220704
362,400,363,376,0.0941676714341555,13,20220704,False,2436,20220705,20220722
422,400,423,429,0.058313589545352595,6,20220927,False,2436,20220928,20221006
434,400,435,444,0.1112292690226202,9,20221014,False,2436,20221017,20221028
1031,400,1032,1033,0.1619876718096085,1,20250410,False,2436,20250411,20250414
1033,400,1034,1044,0.08067232735264862,10,20250414,False,2436,20250415,20250429
189,402,190,199,0.040841431227386815,9,20211015,False,2439,20211018,20211029
434,404,435,439,0.0463858749090833,4,20221014,False,2441,20221017,20221021
1031,404,1032,1033,0.049714791630296684,1,20250410,False,2441,20250411,20250414
1254,405,1255,1258,0.04742903522249686,3,20260311,False,2442,20260312,20260317
1031,407,1032,1035,0.10384169039430025,3,20250410,False,2444,20250411,20250416
632,411,633,673,0.012722396775390443,40,20230814,False,2453,20230815,20231013
318,413,319,322,0.025241289872060424,3,20220429,False,2455,20220503,20220506
369,413,370,373,0.05408955127067938,3,20220713,False,2455,20220714,20220719
424,413,425,426,0.027404898261901955,1,20220929,False,2455,20220930,20221003
426,413,427,450,0.07542792643922414,23,20221003,False,2455,20221004,20221107
1026,415,1027,1030,-0.2604161556576948,3,20250401,False,2457,20250402,20250409
1031,419,1032,1034,0.08267089133176353,2,20250410,False,2461,20250411,20250415
1028,421,1029,1035,0.09571603851173238,6,20250407,False,2464,20250408,20250416
327,422,328,349,-0.15702150990472696,21,20220513,False,2465,20220516,20220615
353,422,354,361,-0.13137451692482693,7,20220621,False,2465,20220622,20220701
369,422,370,373,0.09913720945457283,3,20220713,False,2465,20220714,20220719
1119,423,1120,1138,0.06524659287629775,18,20250814,False,2466,20250815,20250910
1250,423,1251,1257,-0.15549818441252716,6,20260305,False,2466,20260306,20260316
1031,427,1032,1033,0.08869579785765924,1,20250410,False,2472,20250411,20250414
1033,427,1034,1051,0.061620819512681946,17,20250414,False,2472,20250415,20250509
353,433,354,361,-0.10462798445477028,7,20220621,False,2481,20220622,20220701
434,433,435,444,0.05972913544576586,9,20221014,False,2481,20221017,20221028
1031,433,1032,1034,0.10327124691373446,2,20250410,False,2481,20250411,20250415
424,434,425,427,0.1013075791206326,2,20220929,False,2482,20220930,20221004
434,434,435,443,0.060426316305808525,8,20221014,False,2482,20221017,20221027
434,436,435,450,0.12358210148337312,15,20221014,False,2484,20221017,20221107
1328,437,1329,1342,-0.19751037557452578,13,20260629,False,2485,20260630,20260720
1351,437,1352,1354,0.1448103733062709,2,20260731,False,2485,20260803,20260805
327,438,328,330,0.06739782636548441,2,20220513,False,2486,20220516,20220518
362,438,363,403,-0.08990381229929179,40,20220704,False,2486,20220705,20220830
409,438,410,412,0.06403169743279102,2,20220907,False,2486,20220908,20220913
422,438,423,434,-0.13635030904977696,11,20220927,False,2486,20220928,20221014
434,438,435,451,0.06894397158319654,16,20221014,False,2486,20221017,20221108
184,441,185,188,-0.10232329458206701,3,20211007,False,2491,20211008,20211014
184,442,185,188,-0.07397560914781642,3,20211007,False,2492,20211008,20211014
188,442,189,196,0.043844458438287104,7,20211014,False,2492,20211015,20211026
353,442,354,361,-0.08485332160420078,7,20220621,False,2492,20220622,20220701
362,442,363,367,0.06239099635438894,4,20220704,False,2492,20220705,20220711
424,442,425,428,0.07038978195717704,3,20220929,False,2492,20220930,20221005
1031,442,1032,1034,0.09392991227043668,2,20250410,False,2492,20250411,20250415
363,446,364,372,0.07497295957452255,8,20220705,False,2497,20220706,20220718
275,447,276,279,0.1228045739082726,3,20220224,False,2498,20220225,20220303
1028,447,1029,1033,0.06427429471902735,4,20250407,False,2498,20250408,20250414
1033,447,1034,1044,0.06704966870433537,10,20250414,False,2498,20250415,20250429
1031,448,1032,1047,0.10327124691373446,15,20250410,False,2501,20250411,20250505
1031,456,1032,1040,0.16365498850472826,8,20250410,False,2516,20250411,20250423
958,458,959,970,0.08700867308541516,11,20241213,False,2524,20241216,20241231
1031,458,1032,1047,0.17237504896138356,15,20250410,False,2524,20250411,20250505
914,465,915,927,-0.10364795277992922,12,20241011,False,2537,20241014,20241030
927,465,928,929,0.06822375599797681,1,20241030,False,2537,20241101,20241104
929,465,930,957,-0.09498098867004268,27,20241104,False,2537,20241105,20241212
1031,465,1032,1047,0.1982717272931982,15,20250410,False,2537,20250411,20250505
1307,467,1308,1309,0.05086874286565046,1,20260528,False,2539,20260529,20260601
1309,467,1310,1313,0.03800288376773309,3,20260601,False,2539,20260602,20260605
1031,470,1032,1033,0.12086036549651613,1,20250410,False,2543,20250411,20250414
1294,470,1295,1299,-0.1372443563488973,4,20260511,False,2543,20260512,20260518
1031,471,1032,1035,0.081454167274289,3,20250410,False,2545,20250411,20250416
184,478,185,195,-0.14943182684901735,10,20211007,False,2603,20211008,20211025
353,478,354,356,-0.10794988063038025,2,20220621,False,2603,20220622,20220624
356,478,357,358,0.04566829849379972,1,20220624,False,2603,20220627,20220628
358,478,359,388,0.07175473807567467,29,20220628,False,2603,20220629,20220809
1031,478,1032,1033,0.15932789615616905,1,20250410,False,2603,20250411,20250414
353,479,354,362,-0.09969850889371046,8,20220621,False,2605,20220622,20220704
362,479,363,368,0.03423101721467603,5,20220704,False,2605,20220705,20220712
1031,479,1032,1033,0.08866422864702739,1,20250410,False,2605,20250411,20250414
1033,479,1034,1047,0.06133981304486946,13,20250414,False,2605,20250415,20250505
369,480,370,374,0.06908131502037795,4,20220713,False,2606,20220714,20220720
1031,480,1032,1035,0.05356068420308313,3,20250410,False,2606,20250411,20250416
362,481,363,368,0.04354917004834724,5,20220704,False,2607,20220705,20220712
184,483,185,195,-0.16238999822415567,10,20211007,False,2609,20211008,20211025
356,483,357,359,0.03143993975261905,2,20220624,False,2609,20220627,20220629
422,483,423,463,-0.00940089744395145,40,20220927,False,2609,20220928,20221124
1031,483,1032,1033,0.16819897233080772,1,20250410,False,2609,20250411,20250414
1031,484,1032,1033,0.18237755308661474,1,20250410,False,2610,20250411,20250414
1031,485,1032,1033,0.0823661711259287,1,20250410,False,2611,20250411,20250414
1031,486,1032,1033,0.12315759283736916,1,20250410,False,2612,20250411,20250414
353,487,354,362,-0.14066685807577783,8,20220621,False,2613,20220622,20220704
362,487,363,403,-0.0771369319107047,40,20220704,False,2613,20220705,20220830
434,487,435,471,0.06403169743279102,36,20221014,False,2613,20221017,20221206
896,487,897,905,0.20113327171658502,8,20240911,False,2613,20240912,20240925
184,489,185,206,0.08184024004180523,21,20211007,False,2615,20211008,20211109
353,489,354,356,-0.08882439675623333,2,20220621,False,2615,20220622,20220624
356,489,357,358,0.050287675817106026,1,20220624,False,2615,20220627,20220628
358,489,359,375,0.03288296642223121,16,20220628,False,2615,20220629,20220721
434,489,435,444,0.042820259968675334,9,20221014,False,2615,20221017,20221028
184,491,185,188,-0.1312587310699781,3,20211007,False,2617,20211008,20211014
362,491,363,392,0.13530747615764027,29,20220704,False,2617,20220705,20220815
1031,491,1032,1033,0.16903389714724426,1,20250410,False,2617,20250411,20250414
1031,492,1032,1033,0.1933976304644338,1,20250410,False,2618,20250411,20250414
424,496,425,427,0.09987154505587137,2,20220929,False,2636,20220930,20221004
434,496,435,450,0.12969736507780505,15,20221014,False,2636,20221017,20221107
1031,497,1032,1034,0.06848968175251957,2,20250410,False,2637,20250411,20250415
434,499,435,451,0.17820067586103705,16,20221014,False,2641,20221017,20221108
1031,499,1032,1033,0.10178539421506261,1,20250410,False,2641,20250411,20250414
184,500,185,201,0.05498256655667588,16,20211007,False,2642,20211008,20211102
353,500,354,361,-0.13143455403474846,7,20220621,False,2642,20220622,20220701
362,500,363,397,0.0842852600818258,34,20220704,False,2642,20220705,20220822
639,521,640,642,0.035516179090947286,2,20230823,False,2734,20230824,20230828
642,521,643,656,0.08036178932754745,13,20230828,False,2734,20230829,20230915
440,522,441,460,0.18538084618484385,19,20221024,False,2736,20221025,20221121
633,523,634,639,-0.10552817513809087,5,20230815,False,2739,20230816,20230823
369,525,370,374,0.21810846321432908,4,20220713,False,2743,20220714,20220720
440,525,441,449,0.08616394716496734,8,20221024,False,2743,20221025,20221104
1031,554,1032,1034,0.04081727616980446,2,20250410,False,2881,20250411,20250415
1031,555,1032,1035,0.041304978284802285,3,20250410,False,2882,20250411,20250416
369,556,370,387,0.03513693859320299,17,20220713,False,2883,20220714,20220808
1031,556,1032,1034,0.04177743970870651,2,20250410,False,2883,20250411,20250415
1031,558,1032,1033,0.042035369255551736,1,20250410,False,2885,20250411,20250414
1031,576,1032,1033,0.05375189303869177,1,20250410,False,2913,20250411,20250414
424,577,425,433,0.040996204283353155,8,20220929,False,2915,20220930,20221013
1031,577,1032,1057,0.027603596991581103,25,20250410,False,2915,20250411,20250519
1031,596,1032,1034,0.07800832980023453,2,20250410,False,3005,20250411,20250415
188,597,189,195,0.05004551462702955,6,20211014,False,3006,20211015,20211025
353,597,354,361,-0.15308462626501385,7,20220621,False,3006,20220622,20220701
424,597,425,426,0.033440578809365906,1,20220929,False,3006,20220930,20221003
1031,597,1032,1038,0.0808660101125871,6,20250410,False,3006,20250411,20250421
1031,598,1032,1034,0.09701158967853485,2,20250410,False,3008,20250411,20250415
1031,599,1032,1035,0.08554960104100529,3,20250410,False,3010,20250411,20250416
413,600,414,420,0.08944045982609827,6,20220914,False,3011,20220915,20220923
434,600,435,448,0.059816875894138644,13,20221014,False,3011,20221017,20221103
369,602,370,373,0.026902455609074893,3,20220713,False,3014,20220714,20220719
1031,602,1032,1033,0.08748653510869331,1,20250410,False,3014,20250411,20250414
1031,603,1032,1033,0.0578895857033872,1,20250410,False,3015,20250411,20250414
1033,603,1034,1045,0.04877923288278185,11,20250414,False,3015,20250415,20250430
276,604,277,288,0.0904498807373253,11,20220225,False,3016,20220301,20220316
434,604,435,451,0.06501546525007251,16,20221014,False,3016,20221017,20221108
979,604,980,997,0.07163600001445247,17,20250114,False,3016,20250115,20250218
1031,607,1032,1033,0.1290198853985982,1,20250410,False,3019,20250411,20250414
1033,607,1034,1055,0.07926779468186607,21,20250414,False,3019,20250415,20250515
1031,611,1032,1034,0.07677254750253892,2,20250410,False,3024,20250411,20250415
1031,614,1032,1033,0.11672700195532326,1,20250410,False,3027,20250411,20250414
434,622,435,442,0.06638635560733741,7,20221014,False,3035,20221017,20221026
871,622,872,875,0.09023220434632062,3,20240807,False,3035,20240808,20240813
353,624,354,362,-0.10822906238086916,8,20220621,False,3037,20220622,20220704
362,624,363,373,0.08450384854985304,10,20220704,False,3037,20220705,20220719
434,624,435,446,0.05152952807390809,11,20221014,False,3037,20221017,20221101
362,627,363,372,0.15247577027455161,9,20220704,False,3041,20220705,20220718
424,627,425,426,0.052379773245131434,1,20220929,False,3041,20220930,20221003
434,627,435,449,0.054533898154119465,14,20221014,False,3041,20221017,20221104
799,627,800,805,0.04754586407032724,5,20240423,False,3041,20240424,20240502
1031,636,1032,1034,0.07696975859182498,2,20250410,False,3050,20250411,20250415
327,637,328,334,0.058313589545352595,6,20220513,False,3051,20220516,20220524
356,637,357,361,-0.08882439675623321,4,20220624,False,3051,20220627,20220701
362,637,363,369,-0.10974564927784258,6,20220704,False,3051,20220705,20220713
369,637,370,373,0.08146419931665716,3,20220713,False,3051,20220714,20220719
1031,637,1032,1034,0.053922246850143685,2,20250410,False,3051,20250411,20250415
631,643,632,653,-0.09580658528683705,21,20230811,False,3058,20230814,20230912
1031,644,1032,1034,0.07349431726424105,2,20250410,False,3059,20250411,20250415
423,646,424,428,0.07574262004272492,4,20220928,False,3062,20220929,20221005
1031,646,1032,1034,0.07399736052443995,2,20250410,False,3062,20250411,20250415
369,653,370,371,0.09040354368379466,1,20220713,False,3081,20220714,20220715
371,653,372,373,0.09589574826500291,1,20220715,False,3081,20220718,20220719
440,653,441,445,-0.21746671579484256,4,20221024,False,3081,20221025,20221031
1335,653,1336,1340,-0.10517839810535168,4,20260708,False,3081,20260709,20260716
1031,657,1032,1034,0.09191084635631608,2,20250410,False,3088,20250411,20250415
1031,659,1032,1035,0.05720191560675447,3,20250410,False,3090,20250411,20250416
1351,659,1352,1356,0.167477044857949,4,20260731,False,3090,20260803,20260807
353,660,354,361,-0.1251621974388456,7,20220621,False,3092,20220622,20220701
365,660,366,395,0.06634984927904997,29,20220707,False,3092,20220708,20220818
1351,660,1352,1368,0.06848968175251935,16,20260731,False,3092,20260803,20260825
1351,661,1352,1355,0.07195880409587185,3,20260731,False,3093,20260803,20260806
353,668,354,362,-0.20626480784098544,8,20220621,False,3122,20220622,20220704
1031,669,1032,1034,0.2923637103101904,2,20250410,False,3128,20250411,20250415
1014,671,1015,1026,-0.13140114767144218,11,20250314,False,3131,20250317,20250401
1026,671,1027,1030,-0.1551220763874408,3,20250401,False,3131,20250402,20250409
1351,672,1352,1355,0.12979243077472624,3,20260731,False,3135,20260803,20260806
283,674,284,294,0.06261885932530786,10,20220309,False,3141,20220310,20220324
362,674,363,369,-0.08050290335241339,6,20220704,False,3141,20220705,20220713
369,674,370,372,0.1024099891097423,2,20220713,False,3141,20220714,20220718
424,674,425,426,0.042987401891875665,1,20220929,False,3141,20220930,20221003
426,674,427,432,-0.15644252880729725,5,20221003,False,3141,20221004,20221012
434,674,435,449,0.04404710733334416,14,20221014,False,3141,20221017,20221104
1031,676,1032,1033,0.1618821069432943,1,20250410,False,3147,20250411,20250414
363,677,364,396,0.0638575010512803,32,20220705,False,3149,20220706,20220819
442,682,443,447,0.06117960411225143,4,20221026,False,3163,20221027,20221102
940,682,941,952,0.07677254750253892,11,20241119,False,3163,20241120,20241205
973,684,974,987,-0.10467429879670975,13,20250106,False,3167,20250107,20250204
988,684,989,995,0.05332287057233742,6,20250205,False,3167,20250206,20250214
1026,684,1027,1029,-0.18372114289514574,2,20250401,False,3167,20250402,20250408
276,686,277,281,0.09233989786306696,4,20220225,False,3169,20220301,20220307
353,686,354,362,-0.17083020104817237,8,20220621,False,3169,20220622,20220704
422,686,423,432,-0.10725080636511664,9,20220927,False,3169,20220928,20221012
434,686,435,436,0.08048923556906296,1,20221014,False,3169,20221017,20221018
436,686,437,453,0.07502909024790605,16,20221018,False,3169,20221019,20221110
930,690,931,944,0.042405394765794524,13,20241105,False,3188,20241106,20241125
362,691,363,376,0.058313589545352595,13,20220704,False,3189,20220705,20220722
424,694,425,440,-0.17374928088946573,15,20220929,False,3205,20220930,20221024
440,694,441,447,0.13965356982290933,6,20221024,False,3205,20221025,20221102
1031,698,1032,1033,0.1261480144226892,1,20250410,False,3211,20250411,20250414
1033,698,1034,1042,0.10313525883941987,8,20250414,False,3211,20250415,20250425
1031,700,1032,1034,0.08646604298625427,2,20250410,False,3217,20250411,20250415
422,703,423,424,-0.08540058539859008,1,20220927,False,3221,20220928,20220929
424,703,425,428,0.06609530711553901,3,20220929,False,3221,20220930,20221005
434,703,435,449,0.1007853849152649,14,20221014,False,3221,20221017,20221104
318,707,319,322,0.058524241135628374,3,20220429,False,3228,20220503,20220506
610,707,611,612,0.06523569877929725,1,20230712,False,3228,20230713,20230714
612,707,613,626,-0.11972976809432623,13,20230714,False,3228,20230717,20230804
646,707,647,648,0.03810273974500733,1,20230901,False,3228,20230904,20230905
1068,709,1069,1097,-0.08006916807721942,28,20250604,False,3230,20250605,20250715
1235,709,1236,1238,0.08930441581263326,2,20260202,False,3230,20260203,20260205
1299,709,1300,1315,-0.09528663507711121,15,20260518,False,3230,20260519,20260609
1031,710,1032,1033,0.16981678746943651,1,20250410,False,3231,20250411,20250414
1033,710,1034,1038,0.04834842745976986,4,20250414,False,3231,20250415,20250421
1031,712,1032,1035,0.12381600831575668,3,20250410,False,3234,20250411,20250416
1351,713,1352,1354,0.14627996300242785,2,20260731,False,3236,20260803,20260805
438,714,439,468,0.2073381687960909,29,20221020,False,3252,20221021,20221201
1351,715,1352,1392,-0.013832031919369658,40,20260731,False,3257,20260803,20260930
1031,717,1032,1033,0.10946295983283671,1,20250410,False,3260,20250411,20250414
911,724,912,936,-0.146604973136223,24,20241007,False,3284,20241008,20241113
283,731,284,295,0.069539966498672,11,20220309,False,3294,20220310,20220325
1028,731,1029,1035,0.15488470459136616,6,20250407,False,3294,20250408,20250416
362,735,363,369,-0.03665782880448132,6,20220704,False,3305,20220705,20220713
424,735,425,427,0.06626768693513196,2,20220929,False,3305,20220930,20221004
434,735,435,450,0.06625094146694277,15,20221014,False,3305,20221017,20221107
1031,735,1032,1033,0.07628766545475063,1,20250410,False,3305,20250411,20250414
1033,735,1034,1038,0.11449119446984901,4,20250414,False,3305,20250415,20250421
1351,735,1352,1354,0.12425652852807567,2,20260731,False,3305,20260803,20260805
686,737,687,692,-0.05478296699619223,5,20231101,False,3308,20231102,20231109
1351,742,1352,1355,0.08606510914502374,3,20260731,False,3317,20260803,20260806
353,744,354,361,-0.09027485139367963,7,20220621,False,3322,20220622,20220701
362,744,363,367,0.13619352103407323,4,20220704,False,3322,20220705,20220711
434,746,435,448,0.038610942931476266,13,20221014,False,3324,20221017,20221103
871,747,872,885,0.1047259764818218,13,20240807,False,3325,20240808,20240827
979,750,980,1001,0.09062850831009639,21,20250114,False,3339,20250115,20250224
1185,750,1186,1196,0.046069518841356905,10,20251120,False,3339,20251121,20251205
1335,750,1336,1347,-0.14598112236055394,11,20260708,False,3339,20260709,20260727
1351,750,1352,1354,0.14091996324206146,2,20260731,False,3339,20260803,20260805
443,751,444,456,0.04876923460608018,12,20221027,False,3346,20221028,20221115
960,753,961,967,0.04487080723011139,6,20241217,False,3354,20241218,20241226
1031,754,1032,1033,0.15831049563299593,1,20250410,False,3356,20250411,20250414
1033,754,1034,1042,0.08071956944571723,8,20250414,False,3356,20250415,20250425
1031,756,1032,1034,0.11505230549861567,2,20250410,False,3360,20250411,20250415
445,757,446,450,0.08072323522561642,4,20221031,False,3362,20221101,20221107
1040,758,1041,1044,0.16163884877309176,3,20250423,False,3363,20250424,20250429
1351,758,1352,1354,0.2049186534277625,2,20260731,False,3363,20260803,20260805
184,759,185,198,0.050531871975166176,13,20211007,False,3372,20211008,20211028
362,759,363,376,0.06523569877929725,13,20220704,False,3372,20220705,20220722
1351,759,1352,1358,0.07758751253376128,6,20260731,False,3372,20260803,20260811
434,761,435,446,0.07176672839550546,11,20221014,False,3374,20221017,20221101
1185,762,1186,1190,0.0880034949338766,4,20251120,False,3376,20251121,20251127
1351,762,1352,1353,0.03913556961646125,1,20260731,False,3376,20260803,20260804
1351,764,1352,1354,0.06445816981252173,2,20260731,False,3380,20260803,20260805
434,767,435,436,0.06483488807248095,1,20221014,False,3390,20221017,20221018
1031,767,1032,1044,0.04415050904745077,12,20250410,False,3390,20250411,20250429
435,769,436,445,-0.10795815560110755,9,20221017,False,3406,20221018,20221031
1031,769,1032,1033,0.12517161292186962,1,20250410,False,3406,20250411,20250414
1033,769,1034,1056,0.048329499077943705,22,20250414,False,3406,20250415,20250516
1031,772,1032,1072,-0.09248706698542719,40,20250410,False,3419,20250411,20250610
1351,774,1352,1353,0.11778695247715287,1,20260731,False,3430,20260803,20260804
1353,774,1354,1394,0.00557667925550831,40,20260804,False,3430,20260805,20261002
442,775,443,449,0.2379899638898062,6,20221026,False,3432,20221027,20221104
1103,776,1104,1119,0.051509240808742085,15,20250723,False,3434,20250724,20250814
434,779,435,451,0.08250776795626957,16,20221014,False,3441,20221017,20221108
263,780,264,280,0.025420059059483746,16,20220208,False,3443,20220209,20220304
440,780,441,445,0.17727514508659814,4,20221024,False,3443,20221025,20221031
1028,780,1029,1033,0.10792203905529085,4,20250407,False,3443,20250408,20250414
979,782,980,992,0.13363431828105865,12,20250114,False,3447,20250115,20250211
1031,782,1032,1035,0.10575062544037794,3,20250410,False,3447,20250411,20250416
580,784,581,591,0.07056926462864332,10,20230529,False,3454,20230530,20230613
369,790,370,394,0.08403648929124641,24,20220713,False,3481,20220714,20220817
1031,792,1032,1035,0.10682467442082255,3,20250410,False,3484,20250411,20250416
276,796,277,291,0.07218261844060403,14,20220225,False,3491,20220301,20220321
434,796,435,456,0.10889475375156432,21,20221014,False,3491,20221017,20221115
1031,796,1032,1034,0.143912482817403,2,20250410,False,3491,20250411,20250415
1325,796,1326,1344,-0.12415427072108753,18,20260624,False,3491,20260625,20260722
288,800,289,294,0.0514834406997815,5,20220316,False,3499,20220317,20220324
288,802,289,295,0.04904491957321988,6,20220316,False,3504,20220317,20220325
434,802,435,449,0.1021156206213285,14,20221014,False,3504,20221017,20221104
1028,802,1029,1031,-0.021314620087058866,2,20250407,False,3504,20250408,20250410
1031,802,1032,1035,0.08592658616252735,3,20250410,False,3504,20250411,20250416
261,803,262,264,0.05961907505877195,2,20220126,False,3508,20220207,20220209
276,803,277,279,0.08246507154361193,2,20220225,False,3508,20220301,20220303
288,803,289,295,0.07544456491569118,6,20220316,False,3508,20220317,20220325
327,803,328,350,-0.10260536110380081,22,20220513,False,3508,20220516,20220616
353,803,354,356,0.08131562159765893,2,20220621,False,3508,20220622,20220624
434,803,435,448,0.12663878007918705,13,20221014,False,3508,20221017,20221103
336,806,337,339,0.06012577034936872,2,20220526,False,3515,20220527,20220531
353,806,354,361,-0.11032780630936911,7,20220621,False,3515,20220622,20220701
369,814,370,372,0.05140295976287357,2,20220713,False,3527,20220714,20220718
255,816,256,272,0.061591893303055034,16,20220118,False,3529,20220119,20220221
434,816,435,445,0.10889475375156432,10,20221014,False,3529,20221017,20221031
799,816,800,806,0.15044356720666685,6,20240423,False,3529,20240424,20240503
1229,816,1230,1231,0.05638704781681114,1,20260123,False,3529,20260126,20260127
365,819,366,393,0.11337706023100935,27,20220707,False,3532,20220708,20220816
424,819,425,427,0.1024099891097423,2,20220929,False,3532,20220930,20221004
434,819,435,444,0.04323651175311638,9,20221014,False,3532,20221017,20221028
1026,820,1027,1029,-0.1916944939989057,2,20250401,False,3533,20250402,20250408
1328,826,1329,1334,0.19060278823852173,5,20260629,False,3543,20260630,20260707
353,827,354,362,-0.15788125831894684,8,20220621,False,3545,20220622,20220704
362,827,363,372,0.07061956151681015,9,20220704,False,3545,20220705,20220718
1031,827,1032,1033,0.10766957875244154,1,20250410,False,3545,20250411,20250414
1033,827,1034,1051,0.058203531975724365,17,20250414,False,3545,20250415,20250509
1028,829,1029,1045,0.06720698105413692,16,20250407,False,3548,20250408,20250430
1351,830,1352,1354,0.12746476158950903,2,20260731,False,3550,20260803,20260805
1031,831,1032,1043,0.06647239475109878,11,20250410,False,3551,20250411,20250428
184,832,185,192,0.08896596485230646,7,20211007,False,3552,20211008,20211020
261,832,262,264,0.058313589545352595,2,20220126,False,3552,20220207,20220209
288,832,289,298,0.09600062870794157,9,20220316,False,3552,20220317,20220330
445,832,446,449,0.05184832795508498,3,20221031,False,3552,20221101,20221104
871,838,872,876,0.17038701256691158,4,20240807,False,3564,20240808,20240814
434,843,435,449,0.0742137336190507,14,20221014,False,3580,20221017,20221104
365,845,366,372,0.10176055759922109,6,20220707,False,3583,20220708,20220718
354,847,355,362,-0.1388510683263514,7,20220622,False,3588,20220623,20220704
369,847,370,373,0.06838859474383896,3,20220713,False,3588,20220714,20220719
184,848,185,192,0.04165372786454191,7,20211007,False,3591,20211008,20211020
424,849,425,426,0.028379537286314482,1,20220929,False,3592,20220930,20221003
434,849,435,436,0.09761690220056951,1,20221014,False,3592,20221017,20221018
871,851,872,874,0.059758908554210954,2,20240807,False,3594,20240808,20240812
1031,851,1032,1035,0.09389770944699616,3,20250410,False,3594,20250411,20250416
1029,854,1030,1034,0.11295478030992245,4,20250408,False,3605,20250409,20250415
353,862,354,362,-0.1805138569503305,8,20220621,False,3624,20220622,20220704
434,862,435,437,0.04842599479766729,2,20221014,False,3624,20221017,20221019
1269,862,1270,1276,0.12941728768138527,6,20260401,False,3624,20260402,20260414
1351,862,1352,1355,0.1662051901188797,3,20260731,False,3624,20260803,20260806
1031,863,1032,1035,0.11122926902262043,3,20250410,False,3625,20250411,20250416
1028,866,1029,1034,0.08114066595028846,5,20250407,False,3630,20250408,20250415
362,870,363,389,-0.17627598403422085,26,20220704,False,3645,20220705,20220810
434,870,435,453,0.041448906930494855,18,20221014,False,3645,20221017,20221110
283,873,284,286,0.046029592523843865,2,20220309,False,3653,20220310,20220314
369,873,370,372,0.15264153991787333,2,20220713,False,3653,20220714,20220718
362,874,363,369,-0.12326746079637574,6,20220704,False,3661,20220705,20220713
792,874,793,803,0.13638970155865904,10,20240412,False,3661,20240415,20240429
1269,874,1270,1275,0.07323430733756608,5,20260401,False,3661,20260402,20260413
1351,875,1352,1354,0.09344575563428248,2,20260731,False,3663,20260803,20260805
184,879,185,220,0.11987390972930245,35,20211007,False,3669,20211008,20211129
1031,881,1032,1033,0.10550664638252227,1,20250410,False,3673,20250411,20250414
1033,881,1034,1055,0.069986165900632,21,20250414,False,3673,20250415,20250515
1351,881,1352,1354,0.13390741737002076,2,20260731,False,3673,20260803,20260805
370,882,371,375,0.15447631841070364,4,20220714,False,3675,20220715,20220721
434,882,435,449,0.0630382037843944,14,20221014,False,3675,20221017,20221104
695,882,696,700,0.09480716159864055,4,20231114,False,3675,20231115,20231121
365,889,366,406,-0.05289376484576436,40,20220707,False,3687,20220708,20220902
424,891,425,428,0.08151122154368062,3,20220929,False,3691,20220930,20221005
434,891,435,456,0.057717692253941744,21,20221014,False,3691,20221017,20221115
1351,891,1352,1354,0.10720307601891532,2,20260731,False,3691,20260803,20260805
799,892,800,810,0.03364229203987401,10,20240423,False,3693,20240424,20240509
1351,892,1352,1354,0.1521240810650859,2,20260731,False,3693,20260803,20260805
1351,893,1352,1355,0.06317166746346325,3,20260731,False,3694,20260803,20260806
327,894,328,333,0.17368847281309563,5,20220513,False,3701,20220516,20220523
434,894,435,449,0.06769230139300242,14,20221014,False,3701,20221017,20221104
1328,894,1329,1338,-0.08812850013882623,9,20260629,False,3701,20260630,20260714
1031,895,1032,1034,0.08486297890245931,2,20250410,False,3702,20250411,20250415
1031,896,1032,1072,-0.05157393121280085,40,20250410,False,3703,20250411,20250610
369,900,370,372,0.12814821915260022,2,20220713,False,3707,20220714,20220718
434,900,435,453,0.07688049462509561,18,20221014,False,3707,20221017,20221110
979,900,980,990,0.03414088637638946,10,20250114,False,3707,20250115,20250207
1351,900,1352,1354,0.19328432604986956,2,20260731,False,3707,20260803,20260805
864,901,865,905,0.013832068587387392,40,20240729,False,3708,20240730,20240925
434,903,435,443,-0.12975008063074167,8,20221014,False,3710,20221017,20221027
1031,904,1032,1033,0.06879992846615246,1,20250410,False,3711,20250411,20250414
1033,904,1034,1053,0.09250068583684579,19,20250414,False,3711,20250415,20250513
1031,905,1032,1033,0.06658166446367564,1,20250410,False,3712,20250411,20250414
1033,905,1034,1047,0.13390741737002076,13,20250414,False,3712,20250415,20250505
1140,905,1141,1159,0.08563418492763741,18,20250912,False,3712,20250915,20251014
1274,905,1275,1279,0.11834076929918957,4,20260410,False,3712,20260413,20260417
353,907,354,362,-0.09303636201295817,8,20220621,False,3714,20220622,20220704
364,907,365,367,0.05485504840304767,2,20220706,False,3714,20220707,20220711
1031,907,1032,1034,0.0847923611192225,2,20250410,False,3714,20250411,20250415
1026,908,1027,1029,-0.1719491886311033,2,20250401,False,3715,20250402,20250408
1351,908,1352,1355,0.08751255682447545,3,20260731,False,3715,20260803,20260806
911,920,912,923,-0.12333725045123778,11,20241007,False,4113,20241008,20241024
923,920,924,941,0.05775304209326282,17,20241024,False,4113,20241025,20241120
1031,920,1032,1038,0.08303595217241777,6,20250410,False,4113,20250411,20250421
424,922,425,429,0.0720182068757238,4,20220929,False,4116,20220930,20221006
445,922,446,448,0.07230571633020699,2,20221031,False,4116,20221101,20221103
362,925,363,368,0.024254057045991706,5,20220704,False,4121,20220705,20220712
1031,926,1032,1045,0.0496646671939418,13,20250410,False,4123,20250411,20250430
1028,929,1029,1031,-0.01676946917239197,2,20250407,False,4128,20250408,20250410
1031,929,1032,1037,0.0825716316747378,5,20250410,False,4128,20250411,20250418
184,933,185,188,-0.10465865523254392,3,20211007,False,4133,20211008,20211014
353,933,354,384,-0.10946163619803273,30,20220621,False,4133,20220622,20220803
1031,948,1032,1035,0.07928626738695277,3,20250410,False,4162,20250411,20250416
1031,952,1032,1034,0.06438382176386837,2,20250410,False,4167,20250411,20250415
351,955,352,361,-0.09663625892396122,9,20220617,False,4171,20220620,20220701
365,955,366,384,-0.1583285532583485,18,20220707,False,4171,20220708,20220803
363,957,364,404,-0.0009089005672870965,40,20220705,False,4174,20220706,20220831
1031,957,1032,1043,-0.26448040158766406,11,20250410,False,4174,20250411,20250428
369,968,370,384,0.05169912961069434,14,20220713,False,4303,20220714,20220803
434,973,435,448,0.11987390972930267,13,20221014,False,4402,20221017,20221103
1255,977,1256,1296,-0.20820390032997338,40,20260312,False,4416,20260313,20260513
1322,977,1323,1326,0.19298876577006174,3,20260618,False,4416,20260622,20260625
434,984,435,451,0.07807106727225444,16,20221014,False,4432,20221017,20221108
1031,1004,1032,1035,0.1435168022629869,3,20250410,False,4534,20250411,20250416
1028,1008,1029,1035,0.03255578762884026,6,20250407,False,4540,20250408,20250416
1026,1024,1027,1029,-0.1883202162201456,2,20250401,False,4562,20250402,20250408
1031,1026,1032,1034,0.10341218000893315,2,20250410,False,4564,20250411,20250415
1022,1030,1023,1026,-0.08286900065660097,3,20250326,False,4571,20250327,20250401
1319,1033,1320,1325,0.12019079538570598,5,20260615,False,4577,20260616,20260624
1351,1033,1352,1354,0.21334323919127218,2,20260731,False,4577,20260803,20260805
1029,1037,1030,1032,0.0014415975838033557,2,20250408,False,4583,20250409,20250411
362,1043,363,394,0.0630382037843944,31,20220704,False,4702,20220705,20220817
1031,1048,1032,1034,0.09795171341848974,2,20250410,False,4714,20250411,20250415
1031,1049,1032,1035,0.07066337233474651,3,20250410,False,4716,20250411,20250416
1031,1050,1032,1034,0.069986165900632,2,20250410,False,4720,20250411,20250415
1351,1050,1352,1355,0.06496399763182992,3,20260731,False,4720,20260803,20260806
369,1051,370,372,0.055595318339328514,2,20220713,False,4721,20220714,20220718
434,1051,435,450,0.07640975351753143,15,20221014,False,4721,20221017,20221107
1031,1052,1032,1033,0.07844455456387833,1,20250410,False,4722,20250411,20250414
1351,1060,1352,1354,0.08001728620595072,2,20260731,False,4739,20260803,20260805
957,1062,958,960,-0.09051175898446251,2,20241212,False,4743,20241213,20241217
960,1062,961,979,-0.13003035435678645,18,20241217,False,4743,20241218,20250114
979,1062,980,996,0.05472693409528562,16,20250114,False,4743,20250115,20250217
1031,1062,1032,1034,0.08683465531865053,2,20250410,False,4743,20250411,20250415
637,1063,638,669,0.04250816973422111,31,20230821,False,4744,20230822,20231005
1031,1065,1032,1033,0.15059916827441966,1,20250410,False,4746,20250411,20250414
1033,1065,1034,1051,0.05617989279223701,17,20250414,False,4746,20250415,20250509
363,1069,364,377,0.11882886128797243,13,20220705,False,4755,20220706,20220725
424,1069,425,428,0.06118944169085627,3,20220929,False,4755,20220930,20221005
434,1069,435,439,0.06669811622308863,4,20221014,False,4755,20221017,20221021
1031,1071,1032,1033,0.09927814254977152,1,20250410,False,4763,20250411,20250414
1028,1076,1029,1035,0.061286380527221684,6,20250407,False,4770,20250408,20250416
353,1080,354,362,-0.1683289346863267,8,20220621,False,4804,20220622,20220704
362,1080,363,367,-0.14735477404793362,4,20220704,False,4804,20220705,20220711
977,1083,978,982,0.049686033108841565,4,20250110,False,4903,20250113,20250117
1351,1083,1352,1353,0.042904904470295824,1,20260731,False,4903,20260803,20260804
1335,1088,1336,1342,-0.1805093886263862,6,20260708,False,4908,20260709,20260720
942,1089,943,950,0.06118944169085627,7,20241121,False,4909,20241122,20241203
1065,1089,1066,1075,0.0362992060204923,9,20250529,False,4909,20250602,20250613
1031,1092,1032,1033,0.09589574826500313,1,20250410,False,4915,20250411,20250414
873,1094,874,880,0.06960656992159886,6,20240809,False,4919,20240812,20240820
938,1097,939,942,-0.08443683469827257,3,20241115,False,4927,20241118,20241121
969,1097,970,975,-0.08110789238607441,5,20241230,False,4927,20241231,20250108
1068,1097,1069,1070,0.019602234167397592,1,20250604,False,4927,20250605,20250606
1070,1097,1071,1085,0.0435651315829384,14,20250606,False,4927,20250609,20250627
369,1099,370,373,0.06760663242875697,3,20220713,False,4931,20220714,20220719
1250,1099,1251,1257,0.11152766571140171,6,20260305,False,4931,20260306,20260316
1351,1099,1352,1354,0.13310208539745672,2,20260731,False,4931,20260803,20260805
304,1101,305,315,-0.08590956757119261,10,20220411,False,4934,20220412,20220426
327,1101,328,331,0.014873086084323361,3,20220513,False,4934,20220516,20220519
1031,1103,1032,1036,0.03947771026122582,4,20250410,False,4938,20250411,20250417
262,1106,263,265,0.07889704878257664,2,20220207,False,4943,20220208,20220210
540,1111,541,543,0.09710994108517634,2,20230328,False,4950,20230329,20230331
1026,1115,1027,1029,-0.18373348017511715,2,20250401,False,4956,20250402,20250408
1031,1117,1032,1034,0.08315391943096961,2,20250410,False,4960,20250411,20250415
1331,1117,1332,1335,-0.12328340138799765,3,20260702,False,4960,20260703,20260708
1351,1117,1352,1354,0.11718760290477914,2,20260731,False,4960,20260803,20260805
188,1118,189,198,0.07506561601172002,9,20211014,False,4961,20211015,20211028
353,1118,354,361,-0.11296149882891593,7,20220621,False,4961,20220622,20220701
362,1118,363,374,0.08756985464095735,11,20220704,False,4961,20220705,20220720
365,1119,366,370,-0.17958463331463226,4,20220707,False,4966,20220708,20220714
400,1119,401,406,-0.08786232061284516,5,20220825,False,4966,20220826,20220902
188,1120,189,196,0.06658166446367564,7,20211014,False,4967,20211015,20211026
915,1120,916,949,-0.0976484131244888,33,20241014,False,4967,20241015,20241202
1031,1120,1032,1033,0.14944614864509131,1,20250410,False,4967,20250411,20250414
261,1121,262,263,0.023036469893841005,1,20220126,False,4968,20220207,20220208
283,1121,284,285,0.02417444149550252,1,20220309,False,4968,20220310,20220311
285,1121,286,306,0.04177743970870651,20,20220311,False,4968,20220314,20220413
434,1121,435,449,0.08094200511128946,14,20221014,False,4968,20221017,20221104
686,1121,687,690,0.054179552086191185,3,20231101,False,4968,20231102,20231107
896,1121,897,900,0.07436050417973106,3,20240911,False,4968,20240912,20240918
1028,1124,1029,1035,0.06502805211401252,6,20250407,False,4973,20250408,20250416
434,1126,435,448,0.03010486335342666,13,20221014,False,4976,20221017,20221103
1335,1127,1336,1342,-0.1721392502163146,6,20260708,False,4977,20260709,20260720
795,1128,796,810,0.09010841841581385,14,20240417,False,4979,20240418,20240509
871,1128,872,875,0.1827940508156609,3,20240807,False,4979,20240808,20240813
1335,1128,1336,1342,-0.18672322018241494,6,20260708,False,4979,20260709,20260720
1351,1130,1352,1354,0.1327262638102602,2,20260731,False,4989,20260803,20260805
1031,1136,1032,1034,0.07205792187711069,2,20250410,False,5009,20250411,20250415
353,1137,354,362,-0.11728737526800004,8,20220621,False,5011,20220622,20220704
362,1137,363,371,0.07721204650151958,8,20220704,False,5011,20220705,20220715
424,1137,425,454,0.0817234358699157,29,20220929,False,5011,20220930,20221111
434,1139,435,453,0.05516384671932473,18,20221014,False,5014,20221017,20221110
1031,1139,1032,1034,0.08505289566418472,2,20250410,False,5014,20250411,20250415
1031,1144,1032,1035,0.12413235342717566,3,20250410,False,5202,20250411,20250416
1031,1155,1032,1035,0.08709873926099587,3,20250410,False,5222,20250411,20250416
310,1158,311,313,0.011461165008188612,2,20220419,False,5227,20220420,20220422
1351,1159,1352,1356,0.11247109722417248,4,20260731,False,5228,20260803,20260807
1031,1161,1032,1033,0.11036962802028194,1,20250410,False,5234,20250411,20250414
1033,1161,1034,1053,0.12158233674643348,19,20250414,False,5234,20250415,20250513
1028,1163,1029,1031,-0.017314106481745806,2,20250407,False,5243,20250408,20250410
1031,1163,1032,1034,0.10800597890217745,2,20250410,False,5243,20250411,20250415
442,1167,443,446,0.08410742944498595,3,20221026,False,5258,20221027,20221101
1258,1167,1259,1267,0.030992994163067777,8,20260317,False,5258,20260318,20260330
328,1170,329,345,0.08648163185264335,16,20220516,False,5269,20220517,20220609
362,1170,363,369,-0.10796658381203361,6,20220704,False,5269,20220705,20220713
369,1170,370,372,0.07346014695875103,2,20220713,False,5269,20220714,20220718
424,1170,425,426,0.03318074496056145,1,20220929,False,5269,20220930,20221003
426,1170,427,429,0.07856977308980717,2,20221003,False,5269,20221004,20221006
434,1170,435,453,0.006594710573225138,18,20221014,False,5269,20221017,20221110
1028,1170,1029,1035,0.0669214483644287,6,20250407,False,5269,20250408,20250416
424,1171,425,428,0.08305469922460973,3,20220929,False,5272,20220930,20221005
337,1172,338,345,0.09250068583684579,7,20220527,False,5274,20220530,20220609
365,1172,366,382,0.08518483302990254,16,20220707,False,5274,20220708,20220801
390,1172,391,393,0.15354587414676035,2,20220811,False,5274,20220812,20220816
821,1177,822,845,0.05592282089427103,23,20240524,False,5284,20240527,20240628
1342,1177,1343,1351,-0.08882439675623333,8,20260720,False,5284,20260721,20260731
1031,1188,1032,1033,0.11966352271195424,1,20250410,False,5309,20250411,20250414
1033,1188,1034,1045,0.05878605096925682,11,20250414,False,5309,20250415,20250430
1091,1191,1092,1093,0.03979310172830908,1,20250707,False,5314,20250708,20250709
1351,1191,1352,1354,0.09402664318495324,2,20260731,False,5314,20260803,20260805
1031,1195,1032,1034,0.07733371038750358,2,20250410,False,5328,20250411,20250415
288,1197,289,299,0.10580949127880324,10,20220316,False,5344,20220317,20220331
1031,1199,1032,1033,0.12526483034738312,1,20250410,False,5347,20250411,20250414
369,1201,370,372,0.0783531609575594,2,20220713,False,5351,20220714,20220718
1026,1201,1027,1030,-0.25986678190896895,3,20250401,False,5351,20250402,20250409
1351,1201,1352,1354,0.16564256206999906,2,20260731,False,5351,20260803,20260805
1031,1206,1032,1035,0.08813006697101522,3,20250410,False,5371,20250411,20250416
1031,1214,1032,1042,0.15628716902863937,10,20250410,False,5410,20250411,20250425
799,1217,800,807,0.10956303102381315,7,20240423,False,5432,20240424,20240506
979,1219,980,994,0.0432064896945894,14,20250114,False,5438,20250115,20250213
1351,1220,1352,1356,0.06498873259867777,4,20260731,False,5439,20260803,20260807
1026,1221,1027,1029,-0.203687745528781,2,20250401,False,5443,20250402,20250408
1351,1221,1352,1355,0.10008912597477448,3,20260731,False,5443,20260803,20260806
1351,1223,1352,1354,0.0816268499707884,2,20260731,False,5452,20260803,20260805
434,1225,435,444,0.08928898034058275,9,20221014,False,5457,20221017,20221028
1031,1225,1032,1035,0.05945704671490781,3,20250410,False,5457,20250411,20250416
1031,1228,1032,1035,0.08454334445865341,3,20250410,False,5465,20250411,20250416
1031,1230,1032,1033,0.12141705788749646,1,20250410,False,5469,20250411,20250414
1033,1230,1034,1044,0.05516384671932473,10,20250414,False,5469,20250415,20250429
288,1233,289,291,0.06792573575581695,2,20220316,False,5475,20220317,20220321
310,1233,311,315,-0.11463673679146758,4,20220419,False,5475,20220420,20220426
327,1233,328,331,0.010818783247617203,3,20220513,False,5475,20220516,20220519
435,1233,436,448,0.05388285083314126,12,20221017,False,5475,20221018,20221103
1335,1233,1336,1341,-0.22652255056430148,5,20260708,False,5475,20260709,20260717
1351,1233,1352,1354,0.2573175996484389,2,20260731,False,5475,20260803,20260805
1188,1235,1189,1191,0.059876060396059305,2,20251125,False,5481,20251126,20251128
1031,1236,1032,1033,0.11605661437859283,1,20250410,False,5483,20250411,20250414
1033,1236,1034,1045,0.07287173102833289,11,20250414,False,5483,20250415,20250430
915,1237,916,919,0.15809486227979086,3,20241014,False,5484,20241015,20241018
1347,1243,1348,1351,-0.1070479088211087,3,20260727,False,5498,20260728,20260731
1351,1243,1352,1354,0.14826709115971837,2,20260731,False,5498,20260803,20260805
964,1244,965,970,0.05483229484290075,5,20241223,False,5508,20241224,20241231
985,1244,986,990,0.03154077552411616,4,20250122,False,5508,20250203,20250207
1031,1244,1032,1035,0.1084063614354438,3,20250410,False,5508,20250411,20250416
1258,1252,1259,1298,-0.259366810133314,39,20260317,False,5521,20260318,20260515
1031,1253,1032,1035,0.016368233862152692,3,20250410,False,5522,20250411,20250416
938,1260,939,943,0.059679881390908074,4,20241115,False,5534,20241118,20241122
353,1268,354,362,-0.09722694673538479,8,20220621,False,5603,20220622,20220704
353,1271,354,356,-0.07728283911514577,2,20220621,False,5608,20220622,20220624
356,1271,357,362,-0.1034617558444868,5,20220624,False,5608,20220627,20220704
362,1271,363,374,0.10689050443667325,11,20220704,False,5608,20220705,20220720
1031,1271,1032,1033,0.12624588076616905,1,20250410,False,5608,20250411,20250414
440,1276,441,450,0.06219177452332825,9,20221024,False,5706,20221025,20221107
643,1276,644,661,-0.13520405584026296,17,20230829,False,5706,20230830,20230922
686,1278,687,690,0.03404625277209261,3,20231101,False,5864,20231102,20231107
1031,1279,1032,1033,0.0505318719751664,1,20250410,False,5871,20250411,20250414
1031,1286,1032,1033,0.10403118027019786,1,20250410,False,5905,20250411,20250414
1033,1286,1034,1074,-0.08737198369902344,40,20250414,False,5905,20250415,20250612
1031,1289,1032,1033,0.06866274454515842,1,20250410,False,6005,20250411,20250414
187,1290,188,203,0.0711633365521731,15,20211013,False,6015,20211014,20211104
583,1298,584,586,0.06684837655781517,2,20230601,False,6101,20230602,20230606
319,1300,320,353,-0.17964563981126247,33,20220503,False,6104,20220504,20220621
355,1300,356,363,-0.13377196521345958,7,20220623,False,6104,20220624,20220705
422,1300,423,434,-0.11783235436674744,11,20220927,False,6104,20220928,20221014
434,1300,435,453,0.09353240866859402,18,20221014,False,6104,20221017,20221110
423,1305,424,434,-0.11870376228762725,10,20220928,False,6113,20220929,20221014
434,1305,435,446,0.05576956649356113,11,20221014,False,6113,20221017,20221101
896,1309,897,902,0.05860401588715991,5,20240911,False,6117,20240912,20240920
353,1310,354,355,0.03350936479038347,1,20220621,False,6118,20220622,20220623
424,1310,425,440,-0.1474021827343921,15,20220929,False,6118,20220930,20221024
440,1310,441,449,0.14937886540631928,8,20221024,False,6118,20221025,20221104
871,1310,872,889,0.07608378041458419,17,20240807,False,6118,20240808,20240902
1031,1312,1032,1034,0.053105353376330156,2,20250410,False,6121,20250411,20250415
434,1316,435,469,0.048405289238374616,34,20221014,False,6125,20221017,20221202
686,1316,687,699,0.10555973193577017,12,20231101,False,6125,20231102,20231120
871,1316,872,880,0.10253385540065363,8,20240807,False,6125,20240808,20240820
434,1320,435,436,0.07844455456387833,1,20221014,False,6129,20221017,20221018
1026,1323,1027,1030,-0.2660962567076358,3,20250401,False,6134,20250402,20250409
381,1325,382,392,0.08628778768797907,10,20220729,False,6138,20220801,20220815
424,1325,425,426,0.030699824769593986,1,20220929,False,6138,20220930,20221003
434,1325,435,453,0.07640975351753165,18,20221014,False,6138,20221017,20221110
1031,1325,1032,1034,0.10779770710163206,2,20250410,False,6138,20250411,20250415
1351,1325,1352,1354,0.14466555225967936,2,20260731,False,6138,20260803,20260805
1031,1326,1032,1033,0.14736860877734648,1,20250410,False,6139,20250411,20250414
1033,1326,1034,1037,0.059272206927187376,3,20250414,False,6139,20250415,20250418
782,1327,783,789,0.057173165418687555,6,20240327,False,6140,20240328,20240409
653,1334,654,672,0.13072228417516096,18,20230912,False,6148,20230913,20231012
1099,1334,1100,1108,-0.10288911664662304,8,20250717,False,6148,20250718,20250730
337,1335,338,341,0.043669287359509035,3,20220527,False,6150,20220530,20220602
353,1335,354,362,-0.15132145708584988,8,20220621,False,6150,20220622,20220704
434,1335,435,438,0.1436614596699779,3,20221014,False,6150,20221017,20221020
970,1336,971,1011,-0.06052392249313554,40,20241231,False,6151,20250102,20250311
1031,1338,1032,1035,0.08319366819865492,3,20250410,False,6153,20250411,20250416
1351,1338,1352,1354,0.10475554227806105,2,20260731,False,6153,20260803,20260805
1031,1341,1032,1035,0.051026472668186384,3,20250410,False,6156,20250411,20250416
1031,1345,1032,1035,0.09306753157491388,3,20250410,False,6163,20250411,20250416
369,1346,370,374,0.05388285083314126,4,20220713,False,6164,20220714,20220720
1031,1348,1032,1072,-0.06049995189212776,40,20250410,False,6166,20250411,20250610
369,1352,370,372,0.047289489654254835,2,20220713,False,6170,20220714,20220718
1031,1357,1032,1035,0.05278381596653858,3,20250410,False,6175,20250411,20250416
1031,1358,1032,1033,0.041286266941281236,1,20250410,False,6176,20250411,20250414
1254,1358,1255,1284,0.09220248921057794,29,20260311,False,6176,20260312,20260424
906,1359,907,923,-0.12254426018932474,16,20240926,False,6177,20240927,20241024
1031,1360,1032,1033,0.1290198853985982,1,20250410,False,6179,20250411,20250414
1033,1360,1034,1047,0.09404348472810575,13,20250414,False,6179,20250415,20250505
365,1362,366,373,0.042024511317791946,7,20220707,False,6182,20220708,20220719
424,1362,425,426,0.019986812353873562,1,20220929,False,6182,20220930,20221003
434,1362,435,444,0.038285742731247296,9,20221014,False,6182,20221017,20221028
1028,1362,1029,1031,-0.01910565741712722,2,20250407,False,6182,20250408,20250410
1031,1362,1032,1033,0.09282381529139672,1,20250410,False,6182,20250411,20250414
1033,1362,1034,1045,0.0692805697478951,11,20250414,False,6182,20250415,20250430
327,1367,328,349,-0.12670408692882018,21,20220513,False,6187,20220516,20220615
353,1367,354,362,-0.12896792139526758,8,20220621,False,6187,20220622,20220704
434,1367,435,457,0.08796461683864898,22,20221014,False,6187,20221017,20221116
1019,1367,1020,1026,-0.11807200871220624,6,20250321,False,6187,20250324,20250401
686,1368,687,690,0.042904904470295824,3,20231101,False,6188,20231102,20231107
1028,1368,1029,1034,0.06957224475328183,5,20250407,False,6188,20250408,20250415
1031,1369,1032,1034,0.14322586067885723,2,20250410,False,6189,20250411,20250415
1031,1370,1032,1034,0.15753048856522955,2,20250410,False,6190,20250411,20250415
1031,1376,1032,1033,0.13325724109859283,1,20250410,False,6197,20250411,20250414
1031,1384,1032,1033,0.14796412089113664,1,20250410,False,6206,20250411,20250414
1031,1387,1032,1047,0.10312122136078083,15,20250410,False,6209,20250411,20250505
1351,1387,1352,1353,0.10178220842029884,1,20260731,False,6209,20260803,20260804
355,1390,356,361,-0.07932770677104417,5,20220623,False,6213,20220624,20220701
434,1390,435,436,0.05173635921633024,1,20221014,False,6213,20221017,20221018
896,1390,897,908,0.024967965081372112,11,20240911,False,6213,20240912,20240930
1031,1390,1032,1033,0.10219169010199791,1,20250410,False,6213,20250411,20250414
1033,1390,1034,1042,0.09669802025425156,8,20250414,False,6213,20250415,20250425
1031,1391,1032,1035,0.05588626479868908,3,20250410,False,6214,20250411,20250416
424,1394,425,427,0.085222598292928,2,20220929,False,6217,20220930,20221004
434,1394,435,455,0.06357509176610354,20,20221014,False,6217,20221017,20221114
1028,1394,1029,1031,-0.04768557811788432,2,20250407,False,6217,20250408,20250410
365,1396,366,397,0.04591147716786814,31,20220707,False,6219,20220708,20220822
1031,1396,1032,1035,0.09973123586517652,3,20250410,False,6219,20250411,20250416
1241,1396,1242,1246,0.11332493949696754,4,20260210,False,6219,20260211,20260226
1031,1409,1032,1035,0.12708148744959225,3,20250410,False,6233,20250411,20250416
1031,1410,1032,1035,0.07422807961370403,3,20250410,False,6234,20250411,20250416
424,1411,425,428,0.15484604865668294,3,20220929,False,6235,20220930,20221005
434,1411,435,451,0.10805432825398431,16,20221014,False,6235,20221017,20221108
799,1411,800,805,0.048542228278243726,5,20240423,False,6235,20240424,20240502
1026,1411,1027,1029,-0.19054727928338122,2,20250401,False,6235,20250402,20250408
1252,1411,1253,1255,0.027017901011534784,2,20260309,False,6235,20260310,20260312
1271,1411,1272,1282,0.038265337088533746,10,20260407,False,6235,20260408,20260422
283,1413,284,298,0.07224829310126779,14,20220309,False,6237,20220310,20220330
353,1413,354,357,0.07992587278658836,3,20220621,False,6237,20220622,20220627
365,1413,366,377,0.21735790707534242,11,20220707,False,6237,20220708,20220725
424,1413,425,426,0.06752359704930733,1,20220929,False,6237,20220930,20221003
434,1413,435,459,0.09008816521243967,24,20221014,False,6237,20221017,20221118
799,1413,800,814,0.06345103415479625,14,20240423,False,6237,20240424,20240515
871,1414,872,879,0.0884241907404395,7,20240807,False,6239,20240808,20240819
353,1416,354,361,-0.19039010399780532,7,20220621,False,6241,20220622,20220701
799,1418,800,821,0.027603596991581325,21,20240423,False,6243,20240424,20240524
1031,1419,1032,1034,0.0872270970441591,2,20250410,False,6244,20250411,20250415
369,1424,370,373,0.0739701569438791,3,20220713,False,6251,20220714,20220719
1031,1425,1032,1033,0.07471486050894294,1,20250410,False,6257,20250411,20250414
327,1430,328,330,0.1209601571957235,2,20220513,False,6265,20220516,20220518
1351,1430,1352,1354,0.21066107829308178,2,20260731,False,6265,20260803,20260805
1351,1432,1352,1353,0.0832865505231446,1,20260731,False,6269,20260803,20260804
1353,1432,1354,1355,0.05657294219412656,1,20260804,False,6269,20260805,20260806
1031,1434,1032,1034,0.09438572827075764,2,20250410,False,6271,20250411,20250415
434,1436,435,446,0.049478390354653845,11,20221014,False,6274,20221017,20221101
1341,1436,1342,1345,0.22819156936499496,3,20260717,False,6274,20260720,20260723
1031,1437,1032,1034,0.09826798626048605,2,20250410,False,6275,20250411,20250415
1031,1440,1032,1034,0.0788412238253271,2,20250410,False,6278,20250411,20250415
1031,1441,1032,1035,0.048329499077943705,3,20250410,False,6279,20250411,20250416
1031,1444,1032,1047,0.07766200976238058,15,20250410,False,6283,20250411,20250505
1031,1450,1032,1033,0.10310442059894509,1,20250410,False,6290,20250411,20250414
1351,1451,1352,1354,0.22990916356907998,2,20260731,False,6291,20260803,20260805
1133,1456,1134,1147,-0.07849280129831482,13,20250903,False,6409,20250904,20250923
269,1457,270,288,-0.11267360928099857,18,20220216,False,6411,20220217,20220316
289,1457,290,305,-0.14640209781781965,15,20220317,False,6411,20220318,20220412
353,1457,354,362,-0.1379515331059884,8,20220621,False,6411,20220622,20220704
365,1457,366,376,0.09005113272958831,10,20220707,False,6411,20220708,20220722
434,1457,435,437,0.0470860929772976,2,20221014,False,6411,20221017,20221019
1031,1459,1032,1033,0.1000134456551558,1,20250410,False,6414,20250411,20250414
309,1460,310,323,-0.13754921700036427,13,20220418,False,6415,20220419,20220509
434,1460,435,453,0.06374337008872888,18,20221014,False,6415,20221017,20221110
1031,1460,1032,1033,0.2654610473792671,1,20250410,False,6415,20250411,20250414
600,1462,601,603,0.1290198853985982,2,20230628,False,6417,20230629,20230703
1184,1463,1185,1191,0.058389705309847884,6,20251119,False,6418,20251120,20251128
981,1466,982,999,0.07124411272588804,17,20250116,False,6425,20250117,20250220
1033,1466,1034,1074,-0.1495694369724846,40,20250414,False,6425,20250415,20250612
1335,1467,1336,1342,-0.1600685797259107,6,20260708,False,6426,20260709,20260720
1351,1467,1352,1354,0.1833510547553412,2,20260731,False,6426,20260803,20260805
369,1470,370,372,0.07025636442737482,2,20220713,False,6435,20220714,20220718
440,1473,441,449,0.07328972524646615,8,20221024,False,6442,20221025,20221104
353,1474,354,357,0.09376709479512191,3,20220621,False,6443,20220622,20220627
1343,1474,1344,1350,-0.20108827397907902,6,20260721,False,6443,20260722,20260730
1351,1474,1352,1354,0.09573569063705278,2,20260731,False,6443,20260803,20260805
575,1475,576,577,-0.07777503783091011,1,20230522,False,6446,20230523,20230524
1031,1475,1032,1035,0.04769692734822395,3,20250410,False,6446,20250411,20250416
799,1477,800,802,0.13107264882659542,2,20240423,False,6451,20240424,20240426
871,1477,872,876,0.13429788135671816,4,20240807,False,6451,20240808,20240814
1031,1478,1032,1035,0.08877491819180605,3,20250410,False,6456,20250411,20250416
1351,1478,1352,1355,0.09138588921864477,3,20260731,False,6456,20260803,20260806
353,1479,354,361,-0.12835479169088704,7,20220621,False,6457,20220622,20220701
440,1480,441,454,0.10483902806879786,13,20221024,False,6461,20221025,20221111
979,1481,980,988,0.06373527801638401,8,20250114,False,6462,20250115,20250205
1014,1481,1015,1025,-0.1674985121422511,10,20250314,False,6462,20250317,20250331
424,1485,425,428,0.06953109469769747,3,20220929,False,6470,20220930,20221005
434,1485,435,450,0.06048895149714162,15,20221014,False,6470,20221017,20221107
1185,1486,1186,1190,0.07085163739054678,4,20251120,False,6472,20251121,20251127
353,1488,354,357,0.10210756036547308,3,20220621,False,6477,20220622,20220627
434,1488,435,457,0.10998183886032131,22,20221014,False,6477,20221017,20221116
1031,1488,1032,1035,0.1015419497482386,3,20250410,False,6477,20250411,20250416
184,1490,185,193,0.08036178932754723,8,20211007,False,6485,20211008,20211021
353,1490,354,360,-0.10500219956296697,6,20220621,False,6485,20220622,20220630
362,1490,363,373,0.08136644867722875,10,20220704,False,6485,20220705,20220719
434,1490,435,437,0.06714836907143429,2,20221014,False,6485,20221017,20221019
288,1492,289,309,-0.10689780761230405,20,20220316,False,6488,20220317,20220418
365,1492,366,376,0.10262097666746661,10,20220707,False,6488,20220708,20220722
434,1492,435,447,0.07958476026033368,12,20221014,False,6488,20221017,20221102
213,1494,214,231,0.11591389766231153,17,20211118,False,6492,20211119,20211214
355,1502,356,362,-0.10512758174330461,6,20220623,False,6508,20220624,20220704
434,1502,435,450,0.044314235422282966,15,20221014,False,6508,20221017,20221107
362,1503,363,373,0.06869266231516247,10,20220704,False,6509,20220705,20220719
631,1507,632,650,0.09303950420230955,18,20230811,False,6515,20230814,20230907
600,1509,601,626,-0.1597169020115291,25,20230628,False,6517,20230629,20230804
275,1515,276,278,0.06720698105413692,2,20220224,False,6531,20220225,20220302
278,1515,279,283,-0.09235392508684126,4,20220302,False,6531,20220303,20220309
284,1515,285,305,-0.16541079059750685,20,20220310,False,6531,20220311,20220412
362,1515,363,403,-0.05096879198378701,40,20220704,False,6531,20220705,20220830
422,1515,423,430,0.034182660793504294,7,20220927,False,6531,20220928,20221007
434,1515,435,439,0.04402451233459215,4,20221014,False,6531,20221017,20221021
799,1515,800,805,0.05004551462702955,5,20240423,False,6531,20240424,20240502
1028,1515,1029,1031,-0.026376224571302398,2,20250407,False,6531,20250408,20250410
184,1517,185,189,0.17144705030894158,4,20211007,False,6533,20211008,20211015
261,1517,262,288,-0.11638596990533245,26,20220126,False,6533,20220207,20220316
353,1517,354,362,-0.13684932171352593,8,20220621,False,6533,20220622,20220704
362,1517,363,375,0.07791198935174792,12,20220704,False,6533,20220705,20220721
1178,1519,1179,1192,0.1492405981458027,13,20251111,False,6535,20251112,20251201
940,1523,941,944,0.12656638329342207,3,20241119,False,6546,20241120,20241125
188,1524,189,199,0.15790889016332188,10,20211014,False,6547,20211015,20211029
327,1524,328,353,-0.09410657416634227,25,20220513,False,6547,20220516,20220621
369,1524,370,375,0.05543773739984892,5,20220713,False,6547,20220714,20220721
1031,1524,1032,1034,0.09125885093564912,2,20250410,False,6547,20250411,20250415
365,1525,366,367,0.07231634595298608,1,20220707,False,6548,20220708,20220711
1031,1526,1032,1033,0.07882902677584425,1,20250410,False,6550,20250411,20250414
1328,1526,1329,1334,0.044388410735545225,5,20260629,False,6550,20260630,20260707
1352,1526,1353,1367,0.16276818308362384,14,20260803,False,6550,20260804,20260824
1252,1529,1253,1283,0.11911317076292027,30,20260309,False,6558,20260310,20260423
274,1532,275,305,-0.21549428681957883,30,20220223,False,6568,20220224,20220412
305,1532,306,314,-0.1447782788709211,8,20220412,False,6568,20220413,20220425
424,1537,425,428,0.050964189617954014,3,20220929,False,6576,20220930,20221005
434,1537,435,458,0.07310909203077287,23,20221014,False,6576,20221017,20221117
369,1539,370,397,0.060903588917357254,27,20220713,False,6578,20220714,20220822
188,1546,189,199,0.07484973938199868,10,20211014,False,6589,20211015,20211029
327,1546,328,329,0.03935600099670711,1,20220513,False,6589,20220516,20220517
1031,1549,1032,1049,0.03633081468832766,17,20250410,False,6592,20250411,20250507
369,1554,370,396,0.1500920820643159,26,20220713,False,6598,20220714,20220819
799,1574,800,813,-0.18608509956575636,13,20240423,False,6643,20240424,20240514
813,1574,814,831,0.0521606035596236,17,20240514,False,6643,20240515,20240607
978,1581,979,990,0.07220697570947543,11,20250113,False,6658,20250114,20250207
1031,1581,1032,1035,0.12328402440649477,3,20250410,False,6658,20250411,20250416
1351,1581,1352,1355,0.07751686032339333,3,20260731,False,6658,20260803,20260806
1034,1587,1035,1056,0.11365907063127034,21,20250415,False,6668,20250416,20250516
353,1588,354,362,-0.1406410321113032,8,20220621,False,6669,20220622,20220704
365,1588,366,371,0.04920744954453671,5,20220707,False,6669,20220708,20220715
865,1588,866,868,0.024740194422465,2,20240730,False,6669,20240731,20240802
1031,1589,1032,1033,0.11507681842805884,1,20250410,False,6670,20250411,20250414
184,1591,185,204,0.06552000503836553,19,20211007,False,6672,20211008,20211105
1031,1591,1032,1035,0.09303950420230955,3,20250410,False,6672,20250411,20250416
871,1596,872,912,-0.039696291238272674,40,20240807,False,6684,20240808,20241008
1351,1601,1352,1355,0.1422998242420026,3,20260731,False,6693,20260803,20260806
799,1602,800,813,-0.10274970380941728,13,20240423,False,6695,20240424,20240514
283,1606,284,315,-0.13976837551915322,31,20220309,False,6706,20220310,20220426
353,1606,354,361,-0.0977013893482217,7,20220621,False,6706,20220622,20220701
422,1606,423,434,-0.10421314027768369,11,20220927,False,6706,20220928,20221014
434,1606,435,437,0.03564031193428119,2,20221014,False,6706,20221017,20221019
981,1606,982,988,-0.140120208494401,6,20250116,False,6706,20250117,20250205
1016,1606,1017,1026,-0.12455677335402804,9,20250318,False,6706,20250319,20250401
1026,1606,1027,1029,-0.19614303641072528,2,20250401,False,6706,20250402,20250408
1337,1606,1338,1342,-0.14139222002029683,4,20260713,False,6706,20260714,20260720
206,1608,207,214,0.10399619053292186,7,20211109,False,6712,20211110,20211119
424,1611,425,426,0.09806173625246495,1,20220929,False,6719,20220930,20221003
426,1611,427,428,0.08487662944199292,1,20221003,False,6719,20221004,20221005
283,1623,284,315,-0.17564594286155766,31,20220309,False,6741,20220310,20220426
1026,1624,1027,1029,-0.19474856063332124,2,20250401,False,6742,20250402,20250408
1351,1624,1352,1355,0.06453896360150191,3,20260731,False,6742,20260803,20260806
936,1625,937,957,-0.09361228707883373,20,20241113,False,6743,20241114,20241212
318,1631,319,330,0.09669515471803636,11,20220429,False,6756,20220503,20220518
353,1631,354,362,-0.14200332876049593,8,20220621,False,6756,20220622,20220704
365,1631,366,406,-0.0018056920469883275,40,20220707,False,6756,20220708,20220902
1031,1633,1032,1033,0.07606563275234057,1,20250410,False,6761,20250411,20250414
1031,1635,1032,1034,0.0743486439324037,2,20250410,False,6763,20250411,20250415
1286,1637,1287,1293,0.055364467281492136,6,20260428,False,6768,20260429,20260508
408,1638,409,412,0.04566829849379972,3,20220906,False,6770,20220907,20220913
424,1638,425,426,0.021350431086967214,1,20220929,False,6770,20220930,20221003
1031,1638,1032,1034,0.09520192379633263,2,20250410,False,6770,20250411,20250415
309,1641,310,315,-0.13859613938503268,5,20220418,False,6781,20220419,20220426
424,1641,425,428,0.11352519726440269,3,20220929,False,6781,20220930,20221005
440,1641,441,449,0.09847281057720769,8,20221024,False,6781,20221025,20221104
1252,1641,1253,1262,0.08146419931665716,9,20260309,False,6781,20260310,20260323
874,1642,875,896,0.08483169771163701,21,20240812,False,6782,20240813,20240911
436,1644,437,470,0.1346905026030112,33,20221018,False,6788,20221019,20221205
1031,1645,1032,1033,0.09422065776206967,1,20250410,False,6789,20250411,20250414
1033,1645,1034,1053,0.11904482014745965,19,20250414,False,6789,20250415,20250513
1351,1645,1352,1355,0.07865345423546444,3,20260731,False,6789,20260803,20260806
799,1651,800,824,0.03649269079184014,24,20240423,False,6799,20240424,20240529
981,1654,982,986,-0.03270840336078806,4,20250116,False,6805,20250117,20250203
1031,1661,1032,1035,0.09880397512667294,3,20250410,False,6830,20250411,20250416
1031,1665,1032,1035,0.07844455456387833,3,20250410,False,6838,20250411,20250416
1031,1667,1032,1034,0.09367802879996212,2,20250410,False,6841,20250411,20250415
1031,1671,1032,1033,0.1981701788417325,1,20250410,False,6854,20250411,20250414
1033,1671,1034,1060,0.09138588921864477,26,20250414,False,6854,20250415,20250522
1016,1690,1017,1020,0.08120979701147801,3,20250318,False,6890,20250319,20250324
1272,1690,1273,1279,0.06968219255804686,6,20260408,False,6890,20260409,20260417
1031,1694,1032,1035,0.052582090304547746,3,20250410,False,6901,20250411,20250416
1351,1696,1352,1354,0.12652520762151798,2,20260731,False,6903,20260803,20260805
1252,1731,1253,1258,0.0395708035690554,5,20260309,False,6962,20260310,20260317
1272,1741,1273,1280,0.10402405937198211,7,20260408,False,6994,20260409,20260420
1327,1741,1328,1332,-0.12393589163300256,4,20260626,False,6994,20260629,20260703
1187,1744,1188,1189,0.1024099891097423,1,20251124,False,7402,20251125,20251126
1351,1794,1352,1355,0.10858348504875681,3,20260731,False,7788,20260803,20260806
1031,1820,1032,1033,0.12500035773904017,1,20250410,False,8011,20250411,20250414
355,1821,356,362,-0.10107098719340524,6,20220623,False,8016,20220624,20220704
1031,1822,1032,1034,0.06543041352568157,2,20250410,False,8021,20250411,20250415
1346,1822,1347,1351,-0.13851993592956435,4,20260724,False,8021,20260727,20260731
434,1824,435,467,0.05477238728587985,32,20221014,False,8027,20221017,20221130
1351,1824,1352,1355,0.10068747350175822,3,20260731,False,8027,20260803,20260806
434,1825,435,438,0.07667549725039824,3,20221014,False,8028,20221017,20221020
1031,1825,1032,1033,0.1411014844078704,1,20250410,False,8028,20250411,20250414
1033,1825,1034,1041,0.15280587432618775,7,20250414,False,8028,20250415,20250424
1028,1826,1029,1035,0.13535557499118278,6,20250407,False,8032,20250408,20250416
1031,1827,1032,1034,0.18674970478143904,2,20250410,False,8033,20250411,20250415
639,1829,640,649,0.0581476056072181,9,20230823,False,8038,20230824,20230906
1351,1829,1352,1392,0.003175619250101347,40,20260731,False,8038,20260803,20260930
1031,1830,1032,1034,0.0996879891366318,2,20250410,False,8039,20250411,20250415
327,1831,328,351,-0.16824156510282917,23,20220513,False,8040,20220516,20220617
1031,1832,1032,1035,0.09651779778863845,3,20250410,False,8042,20250411,20250416
1351,1832,1352,1357,0.11375832723293078,5,20260731,False,8042,20260803,20260810
283,1834,284,298,0.10174105100955444,14,20220309,False,8044,20220310,20220330
422,1834,423,440,-0.09784221715947072,17,20220927,False,8044,20220928,20221024
353,1836,354,357,-0.0784759537236126,3,20220621,False,8046,20220622,20220627
362,1836,363,376,0.10935430400177215,13,20220704,False,8046,20220705,20220722
381,1836,382,391,0.08505289566418472,9,20220729,False,8046,20220801,20220812
434,1836,435,441,0.07399736052443973,6,20221014,False,8046,20221017,20221025
1014,1841,1015,1017,0.04249640274508226,2,20250314,False,8054,20250317,20250319
1269,1841,1270,1279,0.1047259764818218,9,20260401,False,8054,20260402,20260417
1351,1841,1352,1389,0.08576983833072727,37,20260731,False,8054,20260803,20260923
808,1842,809,811,-0.09602380893001117,2,20240507,False,8059,20240508,20240510
1130,1842,1131,1139,0.18360408581803234,8,20250829,False,8059,20250901,20250911
1031,1848,1032,1033,0.08687603017228684,1,20250410,False,8070,20250411,20250414
1031,1849,1032,1072,-0.05242287452926642,40,20250410,False,8071,20250411,20250610
1031,1852,1032,1033,0.08922900010951729,1,20250410,False,8076,20250411,20250414
1033,1852,1034,1051,0.05857400135380386,17,20250414,False,8076,20250415,20250509
365,1855,366,376,0.061551437065814785,10,20220707,False,8081,20220708,20220722
871,1857,872,909,-0.15401689103106397,37,20240807,False,8084,20240808,20241001
650,1858,651,658,0.11052788299125704,7,20230907,False,8085,20230908,20230919
684,1858,685,688,0.12704196230391318,3,20231030,False,8085,20231031,20231103
896,1858,897,900,0.045486482662720595,3,20240911,False,8085,20240912,20240918
1292,1858,1293,1301,-0.12246408038196621,8,20260507,False,8085,20260508,20260520
1301,1858,1302,1310,0.1618821069432943,8,20260520,False,8085,20260521,20260602
288,1859,289,312,-0.10161812827773242,23,20220316,False,8086,20220317,20220421
434,1859,435,436,0.08348365832325633,1,20221014,False,8086,20221017,20221018
1028,1859,1029,1035,0.05086874286565046,6,20250407,False,8086,20250408,20250416
938,1861,939,979,-0.09978813572209333,40,20241115,False,8088,20241118,20250114
916,1862,917,929,0.0993688581053016,12,20241015,False,8089,20241016,20241104
988,1862,989,992,-0.13064469565337433,3,20250205,False,8089,20250206,20250211
994,1862,995,999,0.08012176226926537,4,20250213,False,8089,20250214,20250220
424,1867,425,426,0.06315612260899628,1,20220929,False,8097,20220930,20221003
1031,1871,1032,1033,0.12945913577548773,1,20250410,False,8103,20250411,20250414
1033,1871,1034,1042,0.07627176700922855,8,20250414,False,8103,20250415,20250425
353,1872,354,362,-0.12019713640205631,8,20220621,False,8104,20220622,20220704
1031,1872,1032,1033,0.09277353815598555,1,20250410,False,8104,20250411,20250414
1033,1872,1034,1045,0.06618794661042204,11,20250414,False,8104,20250415,20250430
1187,1872,1188,1195,0.050130752512785426,7,20251124,False,8104,20251125,20251204
1351,1872,1352,1355,0.07829477059796686,3,20260731,False,8104,20260803,20260806
1031,1873,1032,1034,0.09880397512667294,2,20250410,False,8105,20250411,20250415
939,1874,940,980,-0.18371551260919539,40,20241118,False,8107,20241119,20250115
365,1876,366,375,0.055230578558859156,9,20220707,False,8110,20220708,20220721
1031,1876,1032,1034,0.07785631207957056,2,20250410,False,8110,20250411,20250415
1272,1876,1273,1306,0.16269803538918137,33,20260408,False,8110,20260409,20260527
1343,1877,1344,1346,0.12710397286580033,2,20260721,False,8111,20260722,20260724
1031,1878,1032,1033,0.0939854586252793,1,20250410,False,8112,20250411,20250414
1033,1878,1034,1074,0.0039338398849193545,40,20250414,False,8112,20250415,20250612
964,1880,965,979,-0.12028892093893517,14,20241223,False,8121,20241224,20250114
979,1880,980,989,0.06940370201064816,9,20250114,False,8121,20250115,20250206
1028,1880,1029,1051,0.11482724448158277,22,20250407,False,8121,20250408,20250509
1351,1881,1352,1354,0.22891605343381127,2,20260731,False,8131,20260803,20260805
355,1884,356,376,0.10062470977515181,20,20220623,False,8155,20220624,20220722
871,1884,872,879,0.05860887793529268,7,20240807,False,8155,20240808,20240819
1351,1884,1352,1356,0.10503959091862769,4,20260731,False,8155,20260803,20260807
1031,1886,1032,1035,0.07856977308980717,3,20250410,False,8163,20250411,20250416
633,1887,634,658,0.05245267567919942,24,20230815,False,8171,20230816,20230919
1031,1888,1032,1035,0.08666127497960319,3,20250410,False,8176,20250411,20250416
434,1895,435,449,0.13118167838595807,14,20221014,False,8222,20221017,20221104
319,1900,320,339,0.09260327448269257,19,20220503,False,8255,20220504,20220531
353,1900,354,358,0.07328972524646615,4,20220621,False,8255,20220622,20220628
436,1900,437,450,0.08269535791763394,13,20221018,False,8255,20221019,20221107
1031,1901,1032,1033,0.1411580629843916,1,20250410,False,8261,20250411,20250414
1033,1901,1034,1045,0.07520766470313811,11,20250414,False,8261,20250415,20250430
1351,1901,1352,1356,0.149157754470725,4,20260731,False,8261,20260803,20260807
434,1907,435,451,0.09309652540864288,16,20221014,False,8289,20221017,20221108
365,1909,366,371,0.04448675239380684,5,20220707,False,8299,20220708,20220715
1031,1909,1032,1035,0.08257691220286145,3,20250410,False,8299,20250411,20250416
353,1914,354,356,-0.06273364166993867,2,20220621,False,8358,20220622,20220624
369,1914,370,372,0.04554094621223714,2,20220713,False,8358,20220714,20220718
1351,1914,1352,1354,0.21117619204866345,2,20260731,False,8358,20260803,20260805
1031,1918,1032,1035,0.10728251944834888,3,20250410,False,8390,20250411,20250416
434,1930,435,448,0.09582843693595278,13,20221014,False,8421,20221017,20221103
181,1941,182,186,0.014718285430558309,4,20211004,False,8436,20211005,20211012
327,1941,328,339,0.043488075898704404,11,20220513,False,8436,20220516,20220531
442,1941,443,448,0.03428937185814962,5,20221026,False,8436,20221027,20221103
1344,1943,1345,1350,-0.21973697517607493,5,20260722,False,8438,20260723,20260730
1350,1943,1351,1355,0.12388797682860453,4,20260730,False,8438,20260731,20260806
369,1944,370,376,0.06566298947275095,6,20220713,False,8440,20220714,20220722
422,1944,423,432,-0.1368250340433561,9,20220927,False,8440,20220928,20221012
434,1944,435,449,0.06111124631529874,14,20221014,False,8440,20221017,20221104
310,1949,311,315,-0.08046643431734113,4,20220419,False,8450,20220420,20220426
286,1950,287,298,0.11368182158266205,11,20220314,False,8454,20220315,20220330
424,1950,425,428,0.06643883783360871,3,20220929,False,8454,20220930,20221005
434,1950,435,445,-0.11672760628646262,10,20221014,False,8454,20221017,20221031
337,1953,338,378,-0.09762005868799828,40,20220527,False,8463,20220530,20220726
1031,1954,1032,1034,0.09922673838131013,2,20250410,False,8464,20250411,20250415
1031,1958,1032,1033,0.07773218751866184,1,20250410,False,8473,20250411,20250414
1033,1958,1034,1047,0.08158456643851841,13,20250414,False,8473,20250415,20250505
1255,1967,1256,1258,0.12228951350352468,2,20260312,False,8489,20260313,20260317
1031,1981,1032,1035,0.06093317763828643,3,20250410,False,8930,20250411,20250416
482,1984,483,490,0.06212962412304024,7,20221221,False,8933,20221222,20230103
1179,1985,1180,1203,0.06005423689657863,23,20251112,False,8935,20251113,20251216
1033,1987,1034,1043,0.07283313574338335,9,20250414,False,8937,20250415,20250428
1031,1988,1032,1035,0.05649112894747277,3,20250410,False,8938,20250411,20250416
686,1992,687,698,0.11361230770577668,11,20231101,False,8996,20231102,20231117
1351,1992,1352,1354,0.17185313803004076,2,20260731,False,8996,20260803,20260805
932,2002,933,942,0.0645590023591931,9,20241107,False,9906,20241108,20241121
931,2008,932,936,-0.0869783936347519,4,20241106,False,9914,20241107,20241113
1274,2008,1275,1279,0.04386182834357788,4,20260410,False,9914,20260413,20260417
354,2011,355,357,0.0568145617981215,2,20220622,False,9919,20220623,20220627
357,2011,358,361,-0.10443693779426988,3,20220627,False,9919,20220628,20220701
362,2011,363,400,0.09275261782405941,37,20220704,False,9919,20220705,20220825
1031,2011,1032,1035,0.08602281359594866,3,20250410,False,9919,20250411,20250416
1031,2012,1032,1034,0.09392991227043668,2,20250410,False,9921,20250411,20250415
911,2033,912,920,-0.09521470068112337,8,20241007,False,9946,20241008,20241021
938,2033,939,943,0.0432678223120091,4,20241115,False,9946,20241118,20241122
353,2037,354,362,-0.13423715518713275,8,20220621,False,9955,20220622,20220704
1031,2037,1032,1035,0.11082012717099188,3,20250410,False,9955,20250411,20250416
979,2038,980,986,0.03459726938489971,6,20250114,False,9958,20250115,20250203
1031,2038,1032,1033,0.11179220178301685,1,20250410,False,9958,20250411,20250414
1270,2038,1271,1273,0.034091623587448217,2,20260402,False,9958,20260407,20260409
186,2040,187,194,0.04645179209414163,7,20211012,False,9962,20211013,20211022
353,2040,354,357,-0.029374211878841483,3,20220621,False,9962,20220622,20220627
357,2040,358,362,-0.10996605290992878,4,20220627,False,9962,20220628,20220704
362,2040,363,368,0.04017716714386976,5,20220704,False,9962,20220705,20220712
