stock_id,peer,dev,start,per,long,short_stock_ret
1721,4711,0.2892670551921517,20211018,is,-0.14196544409849032,0.011904761904761862
3675,5443,0.5159898046441072,20211026,is,-0.006325442289549454,-0.005825242718446533
4743,4128,0.17526738446313694,20211020,is,0.04202672839971133,0.14583333333333326
4192,1734,0.47566695121914626,20211008,is,-0.1757762815796693,-0.1564885496183206
3016,3041,0.14619774635420102,20211124,is,-0.03213486114615849,0.0253623188405796
5236,8271,0.19227348203242656,20211123,is,-0.00994200765271891,-0.08943089430894313
5468,6679,0.20451482538407562,20211118,is,0.029914549608504037,0.04222222222222216
3228,3169,-0.18669916321433666,20211117,is,0.07395298505246273,-0.04761904761904767
5344,2388,0.0009492565368103278,20211116,is,-0.11144359422072336,-0.2652733118971061
5351,2388,0.17560603526417817,20211105,is,0.24230736941789432,0.27139037433155067
5227,6207,0.5631029517653279,20211230,is,-0.09992590369344434,-0.05789473684210522
4755,1773,0.5379233065443534,20220103,is,-0.11561538478104227,-0.13142857142857145
9955,8390,0.35565634691654213,20220225,is,-0.114679977976484,-0.15077989601386488
2745,2743,0.015070259042224032,20220223,is,0.0660385062573623,-0.053701015965166965
2024,2033,0.08008092267697187,20220309,is,0.11023028880365571,0.029739776951672958
5603,2641,0.4820788948211221,20220331,is,0.05516384671932473,0.1457085828343312
4106,4121,0.015721393540734097,20220425,is,-0.2168779607345217,-0.2604422604422605
4133,6598,0.3019620475292253,20220413,is,-0.09525573639661511,-0.10135135135135132
6598,4133,-0.07108734261689542,20220419,is,-0.03550657438139282,-0.20347826086956522
4736,6598,0.13547124524090015,20220414,is,-0.05457130484271566,0.11538461538461542
5309,6156,0.11829496476439161,20220414,is,-0.142482515613922,-0.0861678004535148
1568,6605,0.12091538828065795,20220527,is,0.01206922782453157,0.04586199708150951
2743,5706,0.3097152731232775,20220519,is,0.14579515642309349,0.15161839863713777
2745,2734,0.1390958889203311,20220608,is,0.06581176275063338,-0.06593406593406592
2380,2405,0.16390142546841102,20220729,is,-0.022004852518357154,0.02325581395348819
2388,5344,0.1898992927983414,20220728,is,-0.07781803400612441,0.12739726027397258
3362,4976,0.299135851931124,20220722,is,-0.04342451617607579,0.056847545219638196
6143,2439,-0.03909974893613333,20220711,is,0.02248526489928615,0.17474633596392342
4770,1711,0.33204190431271585,20220829,is,-0.010245046273734904,-0.004109589041095929
4743,4128,0.16194466351254988,20220826,is,0.10600140975415084,0.10384615384615392
6643,6533,0.1051842553410236,20220817,is,0.19900552235746916,0.016666666666666607
3686,8086,0.151982062727805,20221017,is,0.004461349369372369,-0.08260869565217388
6550,4162,-0.18064593156601905,20221004,is,-0.08827714414167254,-0.16666666666666663
3228,3016,-0.17379565471998137,20221007,is,-0.12162358728536893,-0.2551020408163265
1795,4726,0.4815396035220707,20221129,is,0.06151413467502609,0.048979591836734615
4747,1752,0.009777666177880562,20221227,is,-0.14623931239871046,-0.25082508250825086
3693,8050,0.30932938637676166,20221216,is,-0.0951051339390866,-0.07391304347826089
4979,3234,0.3148678492505004,20221206,is,-0.10837585966841112,-0.10436432637571158
8940,2701,0.3925025683682526,20230223,is,-0.05259051311846974,-0.11969111969111956
2429,7402,-0.12115260317487309,20230313,is,0.12115095892460781,-0.14488636363636365
2739,2722,0.24420333669302852,20230301,is,0.013056758413478864,0.03942652329749108
6160,2387,0.32361102291315036,20230328,is,0.013326353626126775,0.08391608391608396
3362,6209,0.40899513804142695,20230310,is,0.016597393366540647,0.022026431718061623
6791,5210,0.2351165641123334,20230301,is,-0.16567607642376336,-0.038961038961038974
4147,4174,0.2980754079160719,20230427,is,-0.03942129604576816,-0.027027027027026973
1727,1721,0.27736194865891917,20230502,is,-0.1255459747400689,-0.09169764560099136
2736,5706,0.15525669926517138,20230530,is,0.23347827771725238,0.062421972534332015
2745,2743,-0.12473397842069545,20230519,is,0.3100483754080823,0.2516129032258063
2743,2745,0.01662101275386796,20230518,is,0.12435689547793038,0.22790697674418614
4160,1784,0.2012004599322026,20230511,is,-0.10198869017420276,-0.13438735177865624
1519,1503,0.07426791363846252,20230630,is,0.03574397963317333,0.24262295081967222
2432,5474,0.38642804186677693,20230613,is,0.03350936479038347,-0.22801788375558862
2722,2748,0.5963932623559269,20230627,is,-0.19529946797323894,-0.27171941456092064
5703,2705,0.30383513523908734,20230614,is,0.051151435475977225,-0.1272727272727272
2734,2745,-0.17268764012824667,20230609,is,0.015350508661356121,0.04477611940298498
3231,2356,0.450558145959963,20230714,is,0.2614193109590286,0.1200000000000001
3706,6188,0.09969691521512747,20230720,is,0.03755544400573285,-0.09229208924949284
6150,2465,0.3772814667690283,20230724,is,-0.06572946546269853,-0.29694323144104806
6527,6589,0.3842467967690346,20230724,is,-0.06672688593175247,-0.14107618118628962
4979,3380,0.7860093482834485,20230711,is,0.05750450141252683,0.3582111642468089
3041,8024,0.2949597493819869,20231026,is,-0.06366735989899808,-0.020872865275142316
6530,4908,0.16802016372285733,20231023,is,0.04043667080303237,-0.06250000000000011
6643,3661,-0.044923554430194135,20231023,is,0.16920306492050918,0.06187845303867401
8420,8938,-0.2099377432115731,20231003,is,-0.04953086591103539,-0.010033444816053394
6425,1528,0.16504690360801288,20240118,is,-0.07943083383619465,0.4737678855325915
2365,2465,-0.08405360030813869,20240220,is,0.2275989200764419,-0.024844720496894235
2465,6150,0.6455847435745516,20240219,is,0.05687566347260087,0.6878048780487804
4588,8085,0.277048205426335,20240227,is,0.0505318719751664,-0.004784688995215336
5443,3592,0.327602074794729,20240223,is,0.0028374739643461933,-0.0515267175572518
8080,2540,0.22884148877004606,20240201,is,-0.03106890072891977,0.025316455696202445
1503,1513,0.4406865657234307,20240325,is,0.036388220959715945,0.2862453531598512
1616,1603,0.1693380309109349,20240329,is,0.010683669488975589,0.0
1725,4707,0.5313238400938873,20240306,is,-0.021954411796944018,-0.31707317073170727
2417,3013,0.08654552029001761,20240312,is,-0.07592103854036314,0.06262230919765166
3013,6591,0.053492891117801866,20240311,is,-0.04379100615110487,-0.11074380165289266
4994,5201,0.48695093021373514,20240315,is,-0.013150950767445102,-0.012345679012345734
1617,1618,-0.06712521340176059,20240423,is,-0.09641752678326487,-0.030888030888030826
6197,1815,0.42671495405837656,20240403,is,-0.06251748957596726,-0.02950819672131144
2745,2743,0.12125453791178531,20240430,is,-0.004523779833902619,0.012658227848101333
2365,6117,0.12385124440960715,20240529,is,-0.04018434643814828,-0.11068211068211076
2609,2615,0.025356645966276403,20240517,is,0.23779636190305276,0.08367071524966274
2615,2609,-0.008749692043073964,20240516,is,0.02661930235844756,0.19857142857142862
6442,6170,0.22827073901009132,20240509,is,-0.04326561659404504,0.020771513353115667
3537,2478,0.29577238503420245,20240530,is,-0.033364770578406144,-0.06697819314641751
8071,4545,0.14056155284354044,20240524,is,0.0405372284709582,-0.09324009324009308
1519,1503,0.22372748439592782,20240619,is,0.10080063146140694,0.08093716719914812
6695,6684,0.19712493091590066,20240604,is,-0.03017715822913203,-0.022222222222222143
6187,5351,0.024112574869202374,20240621,is,-0.06547130351754149,0.19460500963391136
6640,2388,0.25850483592203766,20240619,is,-0.12204887723429292,0.2606837606837604
6643,6531,0.1358764016516134,20240619,is,0.07925564243812744,0.11986478215379548
3379,4566,0.24748149818341658,20240605,is,0.13751858748903345,0.015325670498084198
6160,2397,0.18332947320112836,20240603,is,-0.05418233888880064,-0.08943089430894313
2349,8104,0.19511357424250386,20240705,oos,-0.12870438931783323,-0.11570247933884281
2429,6477,0.7023576201171644,20240704,oos,-0.0605030363664969,-0.20659340659340641
8104,2349,-0.2192440491719463,20240708,oos,-0.1545427151188442,-0.08858603066439541
1784,4160,0.01719254360138356,20240704,oos,0.17766145358375507,0.13962264150943393
1225,1229,0.5203166605159593,20240820,oos,0.014865666445144976,-0.030967570441254533
2524,3489,0.46531362672099075,20240805,oos,-0.12137623483760329,0.08256880733944949
3550,8039,0.27148407374841543,20240830,oos,-0.024815357707629992,-0.08216432865731482
8039,3550,-0.21756458128648604,20240830,oos,-0.08935190879551969,-0.017118402282453427
4741,1776,0.03648419533438996,20240829,oos,-0.1501674894078061,-0.10018552875695719
6570,3594,0.20042378822464313,20240822,oos,-0.16093078781611359,-0.08391608391608385
6643,3661,-0.09996031401224559,20240812,oos,0.15317887018716458,0.1629213483146068
6640,5443,0.1139253258913071,20240807,oos,0.4649083325875929,0.273121387283237
1721,1727,0.29450548946219146,20240924,oos,-0.00042676360571891614,0.009708737864077666
2033,2014,0.4129163238404667,20240923,oos,0.18640313113715146,0.048054919908466776
2425,6150,0.1841276960966891,20240903,oos,-0.10140767166752418,-0.04651162790697683
4583,1539,0.375413126695193,20240903,oos,0.06476672118892202,0.3915441176470589
5234,3437,0.44426015208045166,20240923,oos,-0.04048008077669418,0.03571428571428581
8249,6194,0.4098255512477289,20240918,oos,-0.020105265350082724,-0.04599659284497448
8996,6125,0.08970475486042351,20240920,oos,-0.042478180887538075,-0.012376237623762387
5314,1437,0.18259506253715818,20240920,oos,0.01478252843691652,-0.007177033492822837
5443,6640,0.128542418772851,20240920,oos,-0.0732937060617691,-0.026402640264026278
4950,5011,0.2621202716130937,20240916,oos,0.02752931060417474,0.05691056910569103
3081,6530,0.24897866890078846,20240904,oos,0.26368848751653795,0.28840970350404316
8111,6456,0.31864465485144344,20240903,oos,-0.02581100797616842,0.06506849315068508
2929,5907,-0.005609422497183769,20241009,oos,-0.02909177387691997,-0.05017921146953397
4956,8215,0.3296988262714857,20241017,oos,-0.03879022049094061,-0.033373063170441086
5907,2929,0.005552874964337873,20241008,oos,-0.10419274625938557,-0.0703703703703703
3234,4908,0.2869969251573745,20241014,oos,0.0020413184594523237,-0.10611510791366907
3363,3234,0.057995896405913516,20241014,oos,-0.1131151292647703,-0.05102040816326525
6426,4908,0.2598236794482103,20241210,oos,-0.12379881385043856,-0.2251162790697675
6535,4123,-0.2578226065821484,20241209,oos,-0.03315318820537683,0.023316062176165886
6104,3035,0.3516123766145185,20241206,oos,0.026829915620559364,-0.011363636363636354
6547,4142,0.22181391431976416,20250116,oos,0.09181915078641745,0.020283975659229236
8234,6188,0.3894308125403927,20250218,oos,-0.06074668927849969,0.0011123470522802492
6148,2453,0.22714624710818399,20250211,oos,-0.06262243164802961,0.10498687664041984
2468,6148,0.2952856441957834,20250328,oos,0.37214842031416007,0.050793650793650835
6140,6148,-0.03444495282906668,20250328,oos,0.37214842031416007,-0.09999999999999998
6668,6209,-0.2216934884811137,20250415,oos,0.01495366429519085,0.09984152139461178
3147,6112,0.5663412305510973,20250429,oos,-0.03965529816609803,-0.15529010238907848
3709,2353,0.6447568670499042,20250429,oos,0.03855999879026406,-0.036170212765957555
3081,3363,0.06753970801839171,20250422,oos,0.2213725860358251,0.15203426124197006
3128,3356,0.040032917342671004,20250421,oos,0.10284146072974609,-0.09158878504672896
6560,3356,0.21806913962462393,20250421,oos,0.10284146072974609,-0.05217391304347818
3434,5251,0.2324898213395563,20250418,oos,0.2969529283644028,0.10624999999999996
3297,5251,-0.0012232413149529942,20250415,oos,0.22257790261459554,0.11111111111111116
5245,6668,-0.011837844601942149,20250415,oos,0.09122865166076877,0.08749999999999991
6517,6668,0.36778434849139496,20250415,oos,0.09122865166076877,0.04427480916030535
6442,3062,0.14154106131069977,20250516,oos,-0.07812638360073965,-0.03735325506937026
6591,3706,0.3615607167689361,20250520,oos,-0.029185640384980283,0.04625850340136073
5475,3294,0.1504773966568287,20250529,oos,-0.061245221924987936,0.17816091954023006
3297,5251,0.13236102584436038,20250528,oos,-0.00585457754984009,-0.08123569794050356
8038,8358,0.2114936479999463,20250520,oos,0.06330563477905726,-0.06375838926174504
4554,3498,0.3895242971594588,20250519,oos,-0.13241331513162036,-0.11723329425556861
6499,4123,0.6695152497403996,20250515,oos,0.02467780377015627,0.518987341772152
6441,3325,0.056648484786595565,20250507,oos,0.19117136645640076,-0.04220779220779236
7714,8932,0.4752773268748036,20250505,oos,-0.027674389605207295,-0.1853146853146853
3040,5871,0.3237495104244581,20250626,oos,0.036534270248306244,0.038722044728434435
6885,4164,0.33485563529610785,20250610,oos,0.04134978066120709,0.13372093023255816
6739,6139,0.1373904045990031,20250626,oos,-0.09100685329094904,-0.0025062656641604564
6895,3041,0.4254126892721226,20250626,oos,0.0019152474698758137,0.07714285714285718
7642,8222,0.32383521198542553,20250618,oos,-0.12211225474559251,0.004065040650406582
6276,2376,0.25965964767744465,20250611,oos,-0.012989600738140594,0.10406504065040667
4168,6838,0.2603673002608051,20250606,oos,0.24315910826263298,0.02893309222423146
3294,3645,0.18866789196114708,20250602,oos,0.021249805428731783,0.05913978494623651
8227,6643,0.24265456078889436,20250707,oos,0.01361075619520502,0.020289855072463725
3122,3545,0.17108311790843822,20250702,oos,-0.0033005577911919826,0.10720887245841038
1802,1809,0.508482175396382,20250820,oos,-0.027526672137683783,-0.17226277372262766
6418,4974,0.5755887896312228,20250820,oos,-0.04510586689157248,0.171875
1815,5340,0.3906568315448051,20250819,oos,-0.11108111609833937,-0.11111111111111105
3363,3163,0.11901833329073486,20250819,oos,0.1415779675463471,0.008174386920980936
6129,8028,0.19120397312017912,20250811,oos,-0.08265031070146689,0.15053763440860224
6727,8103,0.4705443757155463,20250811,oos,-0.036485709879174766,0.3846153846153846
2342,4973,0.19942861933943257,20250922,oos,-0.02211824326009415,-0.05076923076923079
2408,2344,-0.03431383176836167,20250923,oos,0.2161157051293472,0.19678217821782185
6127,2492,0.03891087672261717,20250930,oos,-0.08892174457709279,-0.13111545988258322
6488,5483,0.19255582324289167,20250923,oos,-0.03945392582350338,0.005825242718446644
8299,3260,-0.010160097243612887,20250917,oos,0.24207621705334503,0.14203730272596848
7402,4976,-0.05297312268992216,20250901,oos,-0.020885864935426435,0.16412213740458026
2344,8110,0.13787410987790572,20251021,oos,-0.14164956339258794,0.06345733041575485
4967,6485,0.06786164395124317,20251016,oos,-0.07820578701300485,0.15447154471544722
8043,3236,0.3129468908090409,20251028,oos,0.06786023275001418,0.017142857142857126
8358,2476,0.1295725980561342,20251021,oos,-0.07946077104485016,-0.006787330316742057
1519,1503,0.231922617847083,20251106,oos,-0.12730685678851805,0.005095541401273884
2451,8110,-0.19321939628826423,20251114,oos,-0.12689128862508403,-0.10922330097087374
6155,8043,-0.17053403705743309,20251119,oos,0.1639475019346741,0.15083798882681587
8110,8131,0.439834244528138,20251114,oos,-0.14442631368131842,-0.11999999999999988
8277,8299,-0.48025276977370324,20251126,oos,0.032211684870466994,0.08695652173913038
5340,1815,0.06691137744762665,20251118,oos,-0.05350670803608404,-0.03081664098613257
6488,5483,-0.04147463750416469,20251112,oos,-0.021871137021025944,0.02564102564102555
3163,6530,0.1803700926395404,20251104,oos,-0.03752620845154708,-0.004166666666666763
2349,8104,0.4781658145013603,20251217,oos,-0.1134400339680477,0.026490066225165476
2408,2344,0.02805128914829047,20251208,oos,0.15466595867226718,0.1826923076923077
6442,3081,0.08965327725311933,20251201,oos,0.14754639809782044,0.125
6443,6244,0.2268190466368769,20251217,oos,-0.09033546740837894,0.1095890410958904
8033,4541,0.07058362843052701,20251204,oos,-0.050319728131503094,0.06642066420664205
3163,4977,0.2892541361946763,20251216,oos,0.01697321495373716,0.10430247718383301
3363,4908,0.10647237692196221,20251205,oos,-0.06576788514130594,0.01724137931034475
6465,4903,0.15955089989697724,20251201,oos,0.13180758881933574,0.517391304347826
1471,2431,0.066489158516299,20260129,oos,-0.09668196414739028,-0.188888888888889
1802,1809,0.04079812124008608,20260123,oos,-0.06575424651716755,-0.019999999999999907
2337,2344,0.03380126783596493,20260112,oos,0.08218228288754514,0.20833333333333326
2344,2408,0.08569401400066279,20260109,oos,0.2050807906706067,0.09661835748792269
3006,3260,0.06324734106582275,20260106,oos,0.002612874306123558,0.07380073800738018
3432,5328,-0.07581758476456035,20260122,oos,-0.201272762607281,-0.18401937046004835
3481,2409,0.2387099623441653,20260107,oos,-0.013880820717077968,0.16186252771618626
4967,3260,0.032815286005224875,20260113,oos,0.26046877157738235,0.11910669975186106
6116,2409,0.15889278351749292,20260112,oos,0.029417655359813777,-0.09108910891089117
6770,2337,-0.18120501844855352,20260109,oos,0.15988159991641138,0.34999999999999987
8046,3037,-0.15595265992953322,20260122,oos,0.12524679812408746,0.06809078771695587
4561,1597,0.18794155306489135,20260123,oos,-0.06743126716299541,-0.07526881720430101
5340,1815,0.30127397304787884,20260122,oos,-0.1395188939548866,0.10679611650485432
5328,3236,0.18212610061980405,20260121,oos,-0.2143094212750296,-0.23809523809523814
5351,2344,-0.11416210318201125,20260107,oos,0.0194763935987341,0.11269841269841252
8299,2408,-0.06345321317919295,20260107,oos,0.09056591484657961,0.16809116809116809
3264,6257,0.1965215896304282,20260106,oos,0.18033897109853458,0.16260162601626016
3260,4967,0.03610618953323019,20260102,oos,0.044388410735545225,0.010771992818671361
6426,6588,-0.15033171671641432,20260205,oos,0.31000667537066784,0.256
6907,3228,0.5103048066418083,20260226,oos,0.055667805571489204,0.1740654205607477
6588,6426,0.03850599541183897,20260204,oos,0.3670725399303636,0.6925465838509315
8096,8112,0.3745407111317922,20260203,oos,-0.06365637497865628,-0.05882352941176472
1711,4721,0.7000545048486906,20260320,oos,0.012983724258882168,-0.09448818897637801
1735,1711,-0.07130358080272825,20260320,oos,-0.10157926084363533,-0.2778649921507065
2337,2344,0.5637804923912955,20260319,oos,-0.22472141817649727,-0.010752688172043112
2367,2355,0.58690411137052,20260305,oos,0.0832981741435459,0.009358288770053624
2399,2425,0.4232061258615327,20260323,oos,-0.15411233527925527,0.016997167138810276
2451,2344,0.24435228874122994,20260323,oos,-0.10285458514297907,-0.13416815742397137
2616,9918,0.1199111278992604,20260310,oos,-0.16600287780393408,-0.2594936708860759
3006,8299,0.3446528471031407,20260320,oos,-0.18777097779697816,-0.2465753424657534
3037,8046,0.013846892814100453,20260303,oos,0.05588626479868908,0.1970649895178198
3437,3031,0.28890787548329766,20260319,oos,0.02583988353130562,-0.01777777777777767
3576,6244,0.657095473070642,20260304,oos,-0.023810305397405473,0.04222648752399216
6230,3483,0.47348855078426033,20260309,oos,-0.025548313197638395,-0.027108433734939763
6515,6223,0.400096303242927,20260326,oos,0.1828210706683353,-0.053846153846153766
8271,4973,-0.0008543979828392612,20260317,oos,-0.22790318978336255,-0.26344086021505375
6465,8059,0.21721175467360987,20260324,oos,-0.09712621891912121,-0.012585812356979531
8155,5439,0.4086738660104503,20260324,oos,0.04169205511402496,0.0492700729927007
1799,6499,-0.03588829300717156,20260320,oos,-0.2771909444897328,-0.0012048192771082489
6167,8215,0.06504159309663704,20260320,oos,-0.09870256217457718,-0.18152866242038213
3260,4967,0.3098478421162567,20260319,oos,-0.11628672937761564,-0.19489605166260715
5351,2344,0.19776088923501223,20260319,oos,-0.22472141817649727,-0.12484848484848476
6103,7712,-0.020426810950996632,20260319,oos,-0.16407809487190417,-0.11145833333333333
4973,8271,-0.0035584460028353915,20260317,oos,-0.2692088620578966,-0.2218091697645601
1815,5340,-0.14842747794562072,20260306,oos,0.04728948965425506,0.1090047393364928
3105,8086,0.4348625828295276,20260303,oos,-0.00031457805730183974,-0.11143695014662758
4979,3163,-0.20319135326842241,20260303,oos,0.07721204650151958,-0.09915611814345993
6187,3583,0.348621075953103,20260303,oos,0.11736806223199125,0.18024263431542464
8291,3236,-0.03616236162361619,20260302,oos,-0.11344899908045558,-0.11326860841423947
1905,1909,0.2996319244799386,20260402,oos,-0.05225648697431129,-0.07565789473684204
2484,8182,0.08204305448001747,20260422,oos,-0.11807200871220613,-0.16581371545547596
3026,3090,0.7150627159050176,20260415,oos,-0.1016848331984127,0.0
3042,2428,0.30559263438233897,20260416,oos,-0.024096075214326662,0.21673003802281365
3135,2369,-0.11610718729347846,20260401,oos,0.037343632248290515,0.14814814814814814
3443,3661,0.22739523697659414,20260417,oos,0.20407495557361077,0.37125748502994016
3532,6488,0.2601308278549299,20260416,oos,0.07069974038824589,0.0
3583,8028,0.6700704481905446,20260414,oos,0.11867053644911096,0.020804438280166426
4576,2049,0.2791539910284693,20260416,oos,0.08790459451619315,0.023255813953488413
4764,4772,0.5098868347060401,20260416,oos,-0.006258634222470083,0.35610859728506794
4956,3437,0.22983309553947207,20260422,oos,-0.04024306392750754,-0.11603773584905652
4989,5498,0.4237687618486663,20260417,oos,0.06414711039810994,0.16097560975609748
6213,3090,0.8139339479844441,20260423,oos,0.09930460885872883,0.0298013245033113
6224,8043,0.14508024444437018,20260420,oos,-0.026630001194471675,0.25368248772504076
6442,3081,-0.43478527124565425,20260422,oos,-0.11504652675238525,-0.10560344827586199
6443,6477,-0.06876873351262491,20260414,oos,-0.006336779394305991,-0.03434065934065933
7610,8390,1.192057347638385,20260415,oos,-0.0585730582662396,0.061564059900166335
8021,4760,0.04804332972558156,20260415,oos,-0.15141019576691628,0.1020408163265305
5498,8074,0.015867635883766384,20260424,oos,0.10699408564526913,-0.06371911573472044
6423,3588,0.0627706598999016,20260424,oos,-0.1381889793163984,-0.024691358024691357
3388,6174,0.23133274891408084,20260422,oos,0.21053410030159858,-0.008695652173913104
4939,2457,0.4764753760815559,20260422,oos,-0.019412748986431638,-0.07252747252747249
8182,2484,-0.07784007090646927,20260422,oos,-0.17234623642579738,-0.11111111111111105
8289,8182,0.10198936310720108,20260422,oos,-0.11807200871220613,-0.14636363636363636
6173,3624,0.281450849958482,20260421,oos,-0.040672840487253836,0.05263157894736836
5228,6173,0.09245090690070068,20260420,oos,-0.03435959242686726,-0.1371571072319202
6829,8383,0.1810211027288955,20260420,oos,-0.003251768308006997,0.2552693208430914
8043,6173,-0.09168814285808813,20260420,oos,-0.03435959242686726,-0.0189473684210526
6274,6213,-0.06028002175245817,20260417,oos,0.1000134456551558,0.14210526315789473
4577,8021,0.2525666059089371,20260416,oos,0.1052366813895107,0.35036496350364965
6903,6691,0.2950361860873254,20260415,oos,-0.010921878929576967,0.05844155844155852
1597,4540,0.3864244138783448,20260507,oos,-0.07315900915588358,-0.01388888888888884
2327,2492,-0.0012140039432221306,20260526,oos,0.34417614018678,0.17210682492581597
2454,8227,0.35204176540501964,20260507,oos,0.0020906801007556375,-0.004373177842565634
2478,2375,0.04471645828361481,20260526,oos,0.1624666526955716,0.34166666666666656
2492,3624,0.17331329186252664,20260515,oos,0.4326866660090174,0.9069767441860466
3008,3406,0.14877158811159719,20260520,oos,0.08887860296182493,0.17717717717717707
3016,3707,0.41723585219954673,20260507,oos,0.03012080949598883,0.0
3090,2478,0.14952636339413816,20260522,oos,0.06332055124887881,0.05102040816326525
3135,8110,0.7094768749001636,20260518,oos,0.33237023044092484,0.2566585956416465
3189,3105,0.2772805079441334,20260528,oos,-0.11168810158497477,-0.03988603988603989
4722,4772,0.46192382554161093,20260526,oos,-0.07267865621945213,-0.13532513181019334
4958,8046,0.3957784923709715,20260528,oos,-0.07361016937242104,-0.01633826497294044
6239,2441,0.07725292900422676,20260529,oos,-0.12537019330909993,-0.08222811671087538
6271,6239,-0.04381141380035136,20260528,oos,-0.10603696516297301,-0.09963654593307425
6449,3624,0.035509656354167696,20260519,oos,0.27292664210153683,0.5521235521235521
6742,3362,0.2559550722224637,20260525,oos,0.0946657867069054,-0.13719008264462806
6834,2375,0.2484761855428277,20260525,oos,-0.018311668148402016,-0.08430232558139528
7769,2408,0.25621212059941145,20260514,oos,-0.10197843222885228,0.0678763440860215
8114,6206,0.00787495872520072,20260515,oos,0.02487785800751885,0.052410901467505155
3236,6284,0.24741659372841363,20260528,oos,-0.2005720349464024,-0.05454545454545445
6570,6161,0.04395691643697752,20260528,oos,-0.10934004840242595,0.0
3491,7717,0.2991211995857175,20260526,oos,-0.21713789266508166,-0.09708737864077666
6538,3537,0.12678404040392732,20260525,oos,-0.025941004407206925,-0.13953488372093026
3624,2327,-0.04866625252000223,20260521,oos,0.37064343565783453,0.1316648531011968
8069,8105,0.17921626846698446,20260515,oos,0.04728948965425506,0.06194690265486735
4561,8374,0.22595823244308777,20260512,oos,0.22367508791181412,0.0039215686274509665
6182,6488,-0.05477008784516124,20260512,oos,0.03645156274081218,0.4807017543859651
6488,5483,0.23943785012926933,20260512,oos,-0.03456610235149815,0.04463208685162856
8227,3227,0.38398238516532346,20260512,oos,0.007137056861249436,0.05726872246696035
8042,6449,0.28740782443882407,20260511,oos,0.6002725648367226,0.5393794749403342
1303,1301,0.6057601926984584,20260624,oos,0.16273308388903285,0.15676075879275064
1409,1440,0.42662711909642415,20260604,oos,-0.1397015717896758,-0.13355592654424053
2302,3257,0.5043106470338843,20260602,oos,-0.14592412190151438,0.010526315789473717
2337,4967,0.0053423703018868895,20260603,oos,-0.14033052518548705,-0.07605633802816902
2342,6182,-0.2708012395793722,20260624,oos,0.31993910303228956,0.0018382352941177516
2375,2492,-0.2686361492769571,20260601,oos,0.08214509960404848,0.12232415902140681
2383,6274,-0.18832333702258608,20260618,oos,-0.08265939733018934,0.013736263736263687
2472,2428,0.3489394124614318,20260601,oos,0.01092132506506771,0.02741514360313313
2481,5425,-0.037742907429696104,20260626,oos,0.04481469171951913,0.1534391534391535
3481,2409,0.21724586600052853,20260604,oos,-0.041019761233937135,0.11479561809746874
6116,3481,0.05447618301063595,20260601,oos,-0.05010598150048673,-0.11232876712328776
6243,8040,-0.044716811085170116,20260629,oos,-0.1330112094992073,-0.014943960149439661
6415,6719,0.05033429656641086,20260624,oos,0.01742420085837293,-0.09756097560975607
6442,3081,-0.141343386745597,20260608,oos,-0.0016040077706958034,0.1351351351351351
6770,8110,0.1274900945070052,20260602,oos,-0.0978870370806193,-0.13793103448275867
5425,2481,0.030834416876446058,20260626,oos,0.144406560123447,0.05306122448979589
7712,5299,0.08123834659185047,20260625,oos,-0.08215078434795609,-0.037220843672456594
3163,3363,-0.05398919347124154,20260622,oos,-0.15707091361943082,-0.07262569832402221
6127,6155,-0.018981663115496095,20260612,oos,-0.0481448739628072,0.1128834355828221
3485,6203,0.23159531874917705,20260602,oos,-0.06683967726810214,-0.09340659340659341
4973,8271,0.38955401082692864,20260602,oos,-0.1580398609070215,0.36363636363636354
7828,6552,0.00036789037126627733,20260601,oos,-0.1495694369724846,0.347616388964042
2303,2363,0.26118042508161166,20260702,oos,-0.12415427072108753,0.0016221216743306233
8028,2441,-0.010455558252702501,20260723,oos,-0.09662434355442906,-0.10789049919484706
8261,5299,0.7123017902447306,20260709,oos,-0.23338821963712675,-0.3566121842496285
4979,3081,0.08805918127722712,20260730,oos,0.7719673604218797,0.5561959654178674
6182,6488,0.11894331558009852,20260724,oos,-0.2146101544875172,-0.2304526748971193
6727,3078,-0.25401952655420723,20260722,oos,-0.022529809656028466,0.13682678311499274
8383,6829,0.4906231350027439,20260720,oos,-0.1764508628153083,-0.23032407407407396
6174,2484,-0.17880484102443173,20260709,oos,-0.20301179475836661,-0.18333333333333335
2059,5498,0.8405905419960011,20260810,oos,0.04027415335992046,0.12520458265139123
2455,4979,0.01696856723925433,20260810,oos,0.03630803618439993,0.07198952879581144
2486,8064,0.28012786099611575,20260827,oos,0.02621400456833367,0.1711538461538462
2491,3049,0.27510499459235715,20260811,oos,-0.016891913821312166,0.1173184357541901
3006,5351,-0.059104419062814495,20260811,oos,0.18033897109853458,0.014598540145985384
3037,3044,0.22483494137914883,20260810,oos,0.20361484056899748,0.0674157303370786
3653,3338,0.3503629198704661,20260810,oos,-0.017074820268922375,0.19463087248322153
6213,3715,0.6277813802358745,20260811,oos,-0.0835386837521419,0.13684210526315788
6426,6442,0.202900042417401,20260812,oos,-0.001081560888315014,-0.05579399141630914
6451,2441,-0.1340971360721277,20260811,oos,-0.07397560914781642,0.07665903890160175
6531,2329,-0.08510726766087096,20260803,oos,0.11328456360157713,0.3748103186646434
7711,2376,0.1823307712574731,20260813,oos,-0.08890318409762943,0.07456140350877183
7795,4989,0.4938591393352998,20260818,oos,-0.07273926149647847,0.0146520146520146
8046,3037,0.07539662739429676,20260803,oos,0.30796624598649935,0.24338624338624348
3441,3362,0.4208974569107755,20260831,oos,0.0022162711121733736,0.0980392156862746
3234,6442,0.4414476675998882,20260826,oos,0.007480240047514464,0.10863509749303613
3498,6215,0.47382728604075464,20260819,oos,-0.04057258647779105,0.1499999999999999
5475,4989,0.05218544840762118,20260817,oos,-0.058048151943194126,0.008797653958944274
6716,2436,0.2715276667608686,20260817,oos,-0.09529099304129673,-0.022900763358778664
3163,3363,-0.08136426167043653,20260813,oos,-0.0882361420344655,0.05810810810810807
4931,3323,0.21484016910979786,20260813,oos,-0.10065663618485898,-0.01845018450184499
1815,5340,0.11943300909486076,20260811,oos,0.07406656584440396,0.10798650168728896
3081,4979,0.07192758146165223,20260811,oos,0.049409508864081575,0.1776859504132231
4971,4991,0.004748291777455282,20260811,oos,0.004293254844781602,0.17991631799163188
5351,3006,0.05563791615083202,20260811,oos,0.006653209033786522,0.18965517241379315
6274,2383,-0.05909055778984995,20260810,oos,0.1476025937289691,0.1225165562913908
3362,4976,0.08434725100039953,20260805,oos,0.027123453268101283,0.016393442622950838
6739,3518,-0.14839095465811192,20260803,oos,0.13448009788384385,0.20359281437125754
7828,6223,-0.08270303871971207,20260803,oos,0.05106486632928853,0.25373134328358216
