variant,fund,exit,is_n,is_win,is_mean,is_median,is_p5,is_p95,oos_n,oos_win,oos_mean,oos_median,oos_p5,oos_p95
LO_n2_m3_close,none,c_1,132,0.3712121212121212,-0.012127461044876114,-0.019778591077099728,-0.10569620224328989,0.09042713062693171,274,0.3905109489051095,-0.010242369861302576,-0.01598192576322255,-0.09780284748001901,0.09063249452540431
LO_n2_m3_close,none,c_2,132,0.3560606060606061,-0.00755771354973878,-0.018396888254648247,-0.11890863999321474,0.16204925900080988,274,0.4197080291970803,-0.009530704495734219,-0.013722123915764828,-0.12141164034018587,0.14216829901820652
LO_n2_m3_close,none,c_3,132,0.38636363636363635,-0.006722040952065852,-0.026126051351869184,-0.1427148636411619,0.1809578336685036,274,0.40875912408759124,-0.010608088263177006,-0.02900879338627549,-0.15638152145589,0.17308218539470582
LO_n2_m3_close,none,c_5,132,0.3939393939393939,-0.000734194036676773,-0.016980758352939274,-0.17065162743686482,0.24727197867433703,274,0.42700729927007297,-0.00858039722347441,-0.022076870787472613,-0.17982048548452897,0.23091609946970051
LO_n2_m3_close,none,c_stop10,131,0.31297709923664124,0.015479030718361134,-0.04326561659404515,-0.12438260672067142,0.34960741697431563,274,0.26277372262773724,-0.0016040022224440363,-0.05182865143913823,-0.12012505215264097,0.2949020490999494
LO_n2_m3_close,none,o_1,132,0.3409090909090909,-0.009488215664692514,-0.017940243244452536,-0.08892223760481599,0.0830573490289121,274,0.4124087591240876,-0.009240616059857425,-0.009908309952720629,-0.0869028168095875,0.07557582439000778
LO_n2_m3_close,none,o_2,132,0.3787878787878788,-0.00515865747033504,-0.01627474161382897,-0.11451757803167018,0.1505184696275296,274,0.4343065693430657,-0.008558123500061852,-0.011911134881473995,-0.1273511872946337,0.14148374944123737
LO_n2_m3_close,none,o_3,132,0.4090909090909091,-0.004625652869969705,-0.021345035702215187,-0.13610120512105964,0.15684346936239116,274,0.40875912408759124,-0.009798109512968146,-0.022666672786863185,-0.14691081865388442,0.18486097332875737
LO_n2_m3_close,none,o_5,132,0.42424242424242425,0.0012221251468762342,-0.011790202056174814,-0.16117488196926805,0.23546409821257142,274,0.4197080291970803,-0.00788558623787811,-0.01979664944909798,-0.17247251312695897,0.22312758849705427
LO_n2_m3_close,yoy20,c_1,52,0.38461538461538464,-0.007590826985329037,-0.022459787478774973,-0.0762430727461917,0.09094699408893225,134,0.4253731343283582,-0.006145974184852114,-0.008611016868998123,-0.0900884385070102,0.0906636186833401
LO_n2_m3_close,yoy20,c_2,52,0.4230769230769231,0.0027503109622069163,-0.01680680737232526,-0.10982732313625235,0.15917823455016145,134,0.41044776119402987,-0.007714240167191628,-0.00954478670952591,-0.1200247374506608,0.12642393282586387
LO_n2_m3_close,yoy20,c_3,52,0.4230769230769231,0.005675943884029379,-0.027602493301569664,-0.14149195728766828,0.18525383060233439,134,0.417910447761194,-0.00725269201760246,-0.02220179242356335,-0.15009433887534787,0.17708102701544448
LO_n2_m3_close,yoy20,c_5,52,0.4423076923076923,0.012940348344024383,-0.009490155269791745,-0.17065162743686482,0.2767098391447009,134,0.4626865671641791,-0.0005802613249690043,-0.00556746418914883,-0.18326092115852674,0.24322081701872958
LO_n2_m3_close,yoy20,c_stop10,52,0.36538461538461536,0.02880183809254642,-0.05029968172330507,-0.1277943573900374,0.3342492326986178,134,0.30597014925373134,0.006379425720742621,-0.04840892441981537,-0.10793831688923583,0.2832133569748688
LO_n2_m3_close,yoy20,o_1,52,0.38461538461538464,-0.00502324058600244,-0.0177545341264862,-0.06748792510545479,0.08622787777121635,134,0.3805970149253731,-0.008380040699100479,-0.013399938310946768,-0.08445402222561713,0.09001040072405365
LO_n2_m3_close,yoy20,o_2,52,0.4230769230769231,0.00524601772019019,-0.019725433367942358,-0.09627955643516546,0.14303783041571355,134,0.4626865671641791,-0.00994520904296982,-0.006345872128156571,-0.12758878917081815,0.1198530247734765
LO_n2_m3_close,yoy20,o_3,52,0.46153846153846156,0.007468400310011516,-0.014351057574584491,-0.11605407798106755,0.15338793707011075,134,0.4253731343283582,-0.009661932722492389,-0.014757905176338848,-0.1476748768854144,0.16298741801132263
LO_n2_m3_close,yoy20,o_5,52,0.4807692307692308,0.014347994213220718,-0.003924832674465195,-0.14173488669250156,0.2550960794347134,134,0.4626865671641791,-0.0030632383343135706,-0.013613164044677994,-0.17813014157314472,0.2309160994697007
LO_n2_m3_close,cum20,c_1,43,0.37209302325581395,-0.007663680487306551,-0.0226395021922583,-0.07477047197884132,0.0905488745546494,103,0.44660194174757284,-0.0017844809639125396,-0.007831009801231859,-0.09104862951349461,0.09059248769116643
LO_n2_m3_close,cum20,c_2,43,0.37209302325581395,-0.002400285702327937,-0.019893854666870325,-0.10875789704285284,0.1717180552777946,103,0.4854368932038835,-0.0024575378426619676,-0.0011271652728618298,-0.12687930965860586,0.14804151415025402
LO_n2_m3_close,cum20,c_3,43,0.37209302325581395,-0.005577654913150615,-0.02867489614994556,-0.15770681047230956,0.19382335697844982,103,0.4563106796116505,0.0028832836515401443,-0.01652335389558901,-0.15045764877459417,0.18386129562962142
LO_n2_m3_close,cum20,c_5,43,0.3953488372093023,-0.003572638047513427,-0.03909338262673201,-0.17170556188791591,0.260536161909481,103,0.47572815533980584,0.008062740526754984,-0.0015514592303536023,-0.18717916943927354,0.26543632946741297
LO_n2_m3_close,cum20,c_stop10,43,0.32558139534883723,0.013361871911919334,-0.05457453365558096,-0.148131778609155,0.26690183421798785,103,0.34951456310679613,0.016751786594261638,-0.04298660394213327,-0.10703289870022822,0.3043570872767422
LO_n2_m3_close,cum20,o_1,43,0.3953488372093023,-0.00420532427687715,-0.0170666254014864,-0.0679911336769598,0.08688542168374498,103,0.4077669902912621,-0.007887065338536291,-0.015522242283392829,-0.08538860943233892,0.09004486626719836
LO_n2_m3_close,cum20,o_2,43,0.3953488372093023,0.0009951489409215641,-0.024367159637878055,-0.10311008845120577,0.15159556294758317,103,0.4854368932038835,-0.008558936067510124,-0.00394015101613876,-0.13508974160507514,0.12131628875059393
LO_n2_m3_close,cum20,o_3,43,0.46511627906976744,-0.0029745729991758423,-0.025011425215929473,-0.14092711014044804,0.15062103669202231,103,0.4563106796116505,-0.003487619174992507,-0.010806029262097838,-0.1499642220835498,0.18568004501526197
LO_n2_m3_close,cum20,o_5,43,0.4418604651162791,-0.0011815123309483872,-0.024029687192232085,-0.15425638712328363,0.24918338593613357,103,0.47572815533980584,0.0015760394769475947,-0.0065892463591809,-0.2100623008019053,0.24752160631443712
LO_n2_m3_touch,none,c_1,193,0.41968911917098445,-0.006947698373377266,-0.00940089744395145,-0.10569398495211071,0.09063602573846899,407,0.43734643734643736,-0.0042022473811497586,-0.01013837954588015,-0.1051289966094515,0.0907690026473438
LO_n2_m3_touch,none,c_2,193,0.42487046632124353,0.0014062373108404626,-0.011091148870888357,-0.12612965923520908,0.1875059572036721,407,0.43734643734643736,-0.004949326453356375,-0.010516176215842887,-0.1332387051462316,0.1726137227795937
LO_n2_m3_touch,none,c_3,193,0.43523316062176165,0.0045481047948494864,-0.018404746819335793,-0.13864105184830852,0.19688243521188206,407,0.4275184275184275,-0.007724561684209739,-0.02284319534756818,-0.16004855976699495,0.21222215681053141
LO_n2_m3_touch,none,c_5,193,0.41450777202072536,0.007732292110235969,-0.011198099134485773,-0.16702129883894729,0.24196792694283256,407,0.4398034398034398,-0.0033303920684497044,-0.017142293338029635,-0.18118217304447107,0.23706054251639413
LO_n2_m3_touch,none,c_stop10,192,0.3541666666666667,0.020837613742533966,-0.042803426070660566,-0.12434146530864615,0.33648728558897656,407,0.29975429975429974,0.006023039916129174,-0.05112565664626911,-0.11878324096324484,0.3069437767355888
LO_n2_m3_touch,none,o_1,193,0.37305699481865284,-0.009088285184910618,-0.012829342245558206,-0.0928470968472278,0.08076137441653283,407,0.40294840294840295,-0.009990517699222105,-0.010117113465284322,-0.09254697742589603,0.08372316059263425
LO_n2_m3_touch,none,o_2,193,0.42487046632124353,-0.0010695490409717155,-0.00911454018958735,-0.12068836883793148,0.15194852969354206,407,0.41277641277641275,-0.010723941439729228,-0.015537176715397005,-0.1374460224606445,0.144046497497731
LO_n2_m3_touch,none,o_3,193,0.44559585492227977,0.0018791300443282543,-0.009246372126765046,-0.13603649844778581,0.17981064923145929,407,0.3906633906633907,-0.013550765123398792,-0.027807566650871585,-0.15904201523368083,0.19636538590886815
LO_n2_m3_touch,none,o_5,193,0.43523316062176165,0.004727675500689138,-0.014086804190883817,-0.16443055077802837,0.23284273104673217,407,0.4103194103194103,-0.009454598876734782,-0.021268964521756972,-0.17663364123167907,0.22762181206797683
LO_n2_m3_touch,yoy20,c_1,81,0.3950617283950617,-0.01056119611419389,-0.014401665365462168,-0.10498089009152811,0.09099832320684831,201,0.4626865671641791,-0.0006871079884462458,-0.007831009801231859,-0.09520111490828742,0.09074988345569679
LO_n2_m3_touch,yoy20,c_2,81,0.4444444444444444,-0.0006767789084735939,-0.01744505040393307,-0.14218722722398192,0.17450468210615755,201,0.4427860696517413,-0.0014588127052624878,-0.007831009801231859,-0.13337075958148437,0.18793327526040837
LO_n2_m3_touch,yoy20,c_3,81,0.43209876543209874,0.0026795091139927354,-0.025548313197638728,-0.15252232087188566,0.19655580217971425,201,0.43283582089552236,-0.002799250601584271,-0.018764001428766552,-0.16120979089476128,0.24729815910702269
LO_n2_m3_touch,yoy20,c_5,81,0.41975308641975306,0.0006163502385470759,-0.014721072233167765,-0.17193976954370505,0.2476376523457564,201,0.46766169154228854,0.003692757198190456,-0.010408072113436528,-0.18763252633490535,0.2672836954456239
LO_n2_m3_touch,yoy20,c_stop10,81,0.37037037037037035,0.016549499710110764,-0.05457453365558096,-0.13824043302451572,0.2974517564137735,201,0.3482587064676617,0.021347117095961907,-0.0445780094382231,-0.11242419398967352,0.34435111267390317
LO_n2_m3_touch,yoy20,o_1,81,0.37037037037037035,-0.010195055180841012,-0.01613367917528019,-0.08506572161311199,0.08557033385868773,201,0.3781094527363184,-0.007761719562724688,-0.009403385379993856,-0.09233152666983524,0.09005113272958831
LO_n2_m3_touch,yoy20,o_2,81,0.43209876543209874,-0.0005609021105267972,-0.013621879393831637,-0.12393589163300267,0.13980026226335496,201,0.44776119402985076,-0.008654895390780109,-0.01122884880876196,-0.13790483913829543,0.14434214820471403
LO_n2_m3_touch,yoy20,o_3,81,0.4444444444444444,0.0026492166030258613,-0.009583958547166205,-0.14246772037100208,0.15535467937619707,201,0.4079601990049751,-0.010237547914848839,-0.01816610344913583,-0.15477546925010155,0.1978625613375371
LO_n2_m3_touch,yoy20,o_5,81,0.43209876543209874,5.646447632949392e-05,-0.01896646423668391,-0.16323097212152082,0.23287270971444562,201,0.43781094527363185,-0.004101011636873057,-0.017417183619577448,-0.20461348635937882,0.2488638742908913
LO_n2_m3_touch,cum20,c_1,67,0.43283582089552236,-0.006187367103543843,-0.014221792346795548,-0.10164378991134361,0.09087519566690769,156,0.48717948717948717,0.002233425505490819,-0.0020272206760894584,-0.09743019915322365,0.09095291550619278
LO_n2_m3_touch,cum20,c_2,67,0.4626865671641791,0.00928044950446368,-0.01616856434071745,-0.1322655373219942,0.19051207396394088,156,0.4807692307692308,-0.0007306590906658483,-0.004968309600849541,-0.13571956780317937,0.18251181778704284
LO_n2_m3_touch,cum20,c_3,67,0.44776119402985076,0.007144420407750002,-0.020019818034632042,-0.15655470167221536,0.20196711461268552,156,0.4551282051282051,0.0014872159711818596,-0.015506607990017074,-0.16140023050856322,0.25168014864934
LO_n2_m3_touch,cum20,c_5,67,0.417910447761194,0.0024150398307548715,-0.014721072233167765,-0.17123714657633765,0.24393912175579854,156,0.48717948717948717,0.007331532143737789,-0.0011112433140446076,-0.21455397478716143,0.27683414993907585
LO_n2_m3_touch,cum20,c_stop10,67,0.373134328358209,0.017216954684438242,-0.051204517569484076,-0.1463827377090765,0.26653220537963407,156,0.3782051282051282,0.02229080932375159,-0.041120804662536425,-0.10839198011324999,0.30672515745301027
LO_n2_m3_touch,cum20,o_1,67,0.40298507462686567,-0.006264380289122495,-0.012126113654906345,-0.08489550835833914,0.08659317994484336,156,0.41025641025641024,-0.006879548323266979,-0.00783100980123208,-0.09271060923349911,0.09010542507739094
LO_n2_m3_touch,cum20,o_2,67,0.4626865671641791,0.009069947863304548,-0.004955157655728182,-0.11814351947953294,0.15863558735919064,156,0.46153846153846156,-0.009888320097205755,-0.007021736562896841,-0.14671691943102366,0.1406168409241531
LO_n2_m3_touch,cum20,o_3,67,0.47761194029850745,0.0067522052348839914,-0.009246372126765046,-0.13784588967933992,0.17561298563840164,156,0.4230769230769231,-0.00782375643859264,-0.01753802383548092,-0.168417501321003,0.20791977427773617
LO_n2_m3_touch,cum20,o_5,67,0.43283582089552236,0.00167999062332265,-0.01896646423668391,-0.15036876518484169,0.24495486226964708,156,0.4423076923076923,-0.0022753719156362404,-0.012630058261286659,-0.21837307991930485,0.25012461121041724
LO_n2_m5_close,none,c_1,82,0.4024390243902439,-0.008489550903852785,-0.013111389203962542,-0.10556184774670153,0.09057328285127828,166,0.42168674698795183,-0.008713713891470158,-0.010037952624934787,-0.10077625613342656,0.09070659212083898
LO_n2_m5_close,none,c_2,82,0.36585365853658536,-0.0060054122399885316,-0.01900829649230168,-0.1245141656420958,0.1733723709147624,166,0.45180722891566266,-0.005600238173613522,-0.007831009801232025,-0.11810528666351261,0.14534797246250541
LO_n2_m5_close,none,c_3,82,0.4146341463414634,-0.006263738564214645,-0.026126051351869184,-0.14691591440633298,0.17476024468675083,166,0.45180722891566266,-0.0053034086838344196,-0.017321272583888603,-0.15436626979233392,0.17367513778512472
LO_n2_m5_close,none,c_5,82,0.45121951219512196,0.006835250722686523,-0.005186857325704453,-0.18305267342273057,0.2612527457741324,166,0.43373493975903615,-0.010053241293471717,-0.021027231069176977,-0.18373049351578186,0.24372740420359018
LO_n2_m5_close,none,c_stop10,81,0.345679012345679,0.028685687910773246,-0.04012053315089614,-0.1324671143551268,0.404012721979389,166,0.27710843373493976,0.002743697410771213,-0.04753281538871751,-0.1070479088211087,0.2879350074678987
LO_n2_m5_close,none,o_1,82,0.36585365853658536,-0.005929423209305443,-0.010730204902462126,-0.09067858968485845,0.08673002895212717,166,0.42168674698795183,-0.0064868154489703825,-0.007831009801232025,-0.08303120821875534,0.08590090690925262
LO_n2_m5_close,none,o_2,82,0.36585365853658536,-0.0034783003359175326,-0.01761081927891406,-0.11844439713701183,0.1628408781469165,166,0.46987951807228917,-0.0034397117192498856,-0.005259361485481506,-0.11432251881887143,0.14547449035124382
LO_n2_m5_close,none,o_3,82,0.3902439024390244,-0.0040912851488531425,-0.019402960498276445,-0.14223089629076735,0.16334975182080178,166,0.4457831325301205,-0.00323331180926403,-0.010950376423439157,-0.14608851611671703,0.17922596634593113
LO_n2_m5_close,none,o_5,82,0.43902439024390244,0.008668764791688429,-0.004448818133906407,-0.17548291898357649,0.25008953461511635,166,0.42771084337349397,-0.00800609285508585,-0.018843597044547022,-0.17291558699818008,0.22370418080910176
LO_n2_m5_close,yoy20,c_1,32,0.5,0.0038945246335276157,0.0015999156774751944,-0.0762430727461917,0.09094699408893225,85,0.4588235294117647,-0.0039863048404733354,-0.006534056872867455,-0.0945508289380728,0.09076752200174121
LO_n2_m5_close,yoy20,c_2,32,0.46875,0.007645392091501512,-0.0061314743486060586,-0.08589237619597247,0.14017031190340387,85,0.47058823529411764,-0.002746565897064586,-0.0050673078786726,-0.11830184028783379,0.1353977303148819
LO_n2_m5_close,yoy20,c_3,32,0.4375,0.005975061768344291,-0.0276893428280226,-0.14408420208788025,0.16793755128630886,85,0.49411764705882355,0.0001751804914616455,-0.0003145780573020618,-0.15685683776870826,0.18098354785498338
LO_n2_m5_close,yoy20,c_5,32,0.5,0.027930626695929207,0.004547534156465638,-0.17581820564847858,0.3039221008564512,85,0.47058823529411764,0.0037702823115253322,-0.0015514592303536023,-0.18672581254364173,0.29784514982467
LO_n2_m5_close,yoy20,c_stop10,32,0.40625,0.049018529372633894,-0.02737226678697452,-0.11997560108001373,0.35622507557891137,85,0.3411764705882353,0.01789789270173749,-0.041199922027647884,-0.10701788857934776,0.2661833072906854
LO_n2_m5_close,yoy20,o_1,32,0.53125,0.0064322273394549975,0.0008165589803484918,-0.06417187047671553,0.08863190253742849,85,0.4,-0.005609884967719505,-0.009214788030240006,-0.08017762718799182,0.09003859980480841
LO_n2_m5_close,yoy20,o_2,32,0.4375,0.010177981628057848,-0.00928851852477991,-0.08481948644346286,0.1422615772281156,85,0.5176470588235295,-0.004320341118697503,0.0007965466352790607,-0.12423766141809664,0.1358165248137929
LO_n2_m5_close,yoy20,o_3,32,0.4375,0.007783997539891351,-0.028713776155738224,-0.12298682401856079,0.15338793707011078,85,0.4588235294117647,-0.0015508927701101468,-0.0039853935601513735,-0.1503981905981922,0.16575131734116208
LO_n2_m5_close,yoy20,o_5,32,0.5,0.028796357334626262,0.005578701714412049,-0.14380607412266705,0.27683112145525696,85,0.4470588235294118,0.0021536584871348504,-0.018024526823822162,-0.2064052145878075,0.2891879074473638
LO_n2_m5_close,cum20,c_1,26,0.4230769230769231,-0.0022464794136913655,-0.014292153714460909,-0.09801461155414765,0.0904903392760541,65,0.49230769230769234,-0.0005859706158276374,-1.8655547698309682e-05,-0.0945508289380728,0.09070876059179658
LO_n2_m5_close,cum20,c_2,26,0.38461538461538464,-0.006630591487396847,-0.01900829649230168,-0.13577332448508952,0.14369836749565368,65,0.5230769230769231,0.00020320937444612362,0.005054301759791047,-0.132128962650714,0.14486404730651792
LO_n2_m5_close,cum20,c_3,26,0.34615384615384615,-0.013816940069874127,-0.04062047308556094,-0.17780937571765054,0.15852897634375795,65,0.5384615384615384,0.007689761754151951,0.0047920053412460195,-0.15990756948933366,0.18373426295537962
LO_n2_m5_close,cum20,c_5,26,0.4230769230769231,-0.0023643961377913503,-0.03796916243542542,-0.20944298891307583,0.2583864103155269,65,0.5076923076923077,0.014418873941175107,0.00426861203046025,-0.20962527289833216,0.31866540096899565
LO_n2_m5_close,cum20,c_stop10,26,0.34615384615384615,0.017239710235321414,-0.04619287276432893,-0.14552100123348363,0.26587268458439295,65,0.4,0.03608617241676171,-0.034171779452526585,-0.10701788857934776,0.30381649701251545
LO_n2_m5_close,cum20,o_1,26,0.5,0.002974893391686704,-0.005482327633512918,-0.06678701029486989,0.08969880919358364,65,0.4461538461538462,-0.003630885048597883,-0.007831009801231859,-0.08017762718799182,0.09003859980480841
LO_n2_m5_close,cum20,o_2,26,0.34615384615384615,-0.001400063949823022,-0.02254174050006652,-0.1274725965435197,0.14839014307896092,65,0.5538461538461539,-0.002775146628130534,0.0037058389220097077,-0.13348624692689326,0.1358165248137929
LO_n2_m5_close,cum20,o_3,26,0.38461538461538464,-0.009300778337355072,-0.03498772390316646,-0.1738555895923119,0.14636741751522692,65,0.5076923076923077,0.004410548774670503,0.0047920053412460195,-0.15860677600408737,0.18360223079615662
LO_n2_m5_close,cum20,o_5,26,0.4230769230769231,0.0015842829559560717,-0.02094814106050419,-0.1909164294123728,0.2464649398991856,65,0.49230769230769234,0.011161889413665282,-0.00025720071574497627,-0.21432133235559087,0.3174220814324057
LO_n2_m5_touch,none,c_1,125,0.44,-0.003868957913715692,-0.006645622716167754,-0.10466236589385498,0.0906203862628197,254,0.4448818897637795,-0.004283650876824712,-0.007831009801231859,-0.10561420458969913,0.09074575418576147
LO_n2_m5_touch,none,c_2,125,0.44,0.004476772943612008,-0.007831009801231859,-0.12746529762949413,0.192521199673593,254,0.4645669291338583,-0.0016465222706133578,-0.007831009801231914,-0.13149387063930754,0.16231092103156786
LO_n2_m5_touch,none,c_3,125,0.448,0.007726728221733125,-0.01039475396195233,-0.1448219353288245,0.20246018807553756,254,0.4566929133858268,-0.004086708440278994,-0.015753810897462583,-0.15525464874327355,0.1906157577678053
LO_n2_m5_touch,none,c_5,125,0.456,0.016031669593568672,-0.007831009801231859,-0.17476228559313695,0.25910299418017824,254,0.4448818897637795,-0.004606895895783475,-0.018144313185701366,-0.18433478891948843,0.25154434586864105
LO_n2_m5_touch,none,c_stop10,124,0.3790322580645161,0.03182244691018807,-0.039978497124431245,-0.1237517638884816,0.34650538041274404,254,0.3110236220472441,0.008371639807088539,-0.04898846238138005,-0.10940792243857186,0.3054947862052377
LO_n2_m5_touch,none,o_1,125,0.392,-0.007317772362614367,-0.008823178791430575,-0.0900253969137221,0.08036414176284028,254,0.39763779527559057,-0.008960850455718842,-0.010433133677668127,-0.09134348605342618,0.08495049344677874
LO_n2_m5_touch,none,o_2,125,0.408,0.000692277350298979,-0.00957165715245789,-0.1228533840346456,0.15298103075651315,254,0.4448818897637795,-0.006323810720105924,-0.00783100980123197,-0.12898245552831042,0.14455025255655665
LO_n2_m5_touch,none,o_3,125,0.416,0.003650333123129121,-0.009583958547166205,-0.1375475867184604,0.1939478151197631,254,0.40551181102362205,-0.008757866051613146,-0.01998436285376659,-0.15258907830857577,0.19033203505204685
LO_n2_m5_touch,none,o_5,125,0.44,0.011479217365201399,-0.006547479412876256,-0.17489423421168676,0.2466808840632473,254,0.41732283464566927,-0.009388160564600801,-0.024785662747963122,-0.17715780390897717,0.22662116468616872
LO_n2_m5_touch,yoy20,c_1,52,0.5,-0.001309543430342081,0.0005637789089428802,-0.0988628730945232,0.09077258938362384,132,0.4696969696969697,-0.0005554561995293094,-0.004115647442789028,-0.10562350612113264,0.09075059147820141
LO_n2_m5_touch,yoy20,c_2,52,0.4807692307692308,0.005248065123484432,-0.0061314743486060586,-0.11539627629964457,0.1495051258948127,132,0.4696969696969697,-0.0006924118635301317,-0.006464385847790077,-0.13700932613181122,0.1907743679541432
LO_n2_m5_touch,yoy20,c_3,52,0.4423076923076923,0.005893460517251103,-0.026126051351869184,-0.14408420208788023,0.1679375512863088,132,0.4772727272727273,-0.0004934078600459389,-0.004834709359358369,-0.16098979839959518,0.21624455231413164
LO_n2_m5_touch,yoy20,c_5,52,0.4807692307692308,0.013826716820122086,-0.006526022797279318,-0.17581820564847858,0.2540869071276186,132,0.4621212121212121,0.0017473651733880572,-0.007476877066276644,-0.21470583738770208,0.30885685288235193
LO_n2_m5_touch,yoy20,c_stop10,52,0.40384615384615385,0.03349968276236516,-0.03380862476124896,-0.11997560108001373,0.32121644071482086,132,0.36363636363636365,0.02445786828907809,-0.040980661298344934,-0.10704790882110876,0.3099768739227608
LO_n2_m5_touch,yoy20,o_1,52,0.4807692307692308,-0.001429876155878343,-0.0051734142917709836,-0.066931900724367,0.0834949881690914,132,0.38636363636363635,-0.006260536146689207,-0.008522898915735988,-0.08784959953682973,0.09050586594522268
LO_n2_m5_touch,yoy20,o_2,52,0.4230769230769231,0.004741435297435819,-0.00870133347684493,-0.11009416655285244,0.13609791866702595,132,0.4696969696969697,-0.006433514956688384,-0.0053343743346676575,-0.14114000502377894,0.14801141011297905
LO_n2_m5_touch,yoy20,o_3,52,0.40384615384615385,0.00517282316569725,-0.0159102402269522,-0.12298682401856077,0.15338793707011075,132,0.4090909090909091,-0.006429921721627988,-0.016299559150493304,-0.15733908489648643,0.19230497518079376
LO_n2_m5_touch,yoy20,o_5,52,0.46153846153846156,0.01224253924620413,-0.013146167429290534,-0.14894622305476882,0.24102804782528953,132,0.4166666666666667,-0.004139336375767249,-0.01979664944909798,-0.21405798126952125,0.2743197641643637
LO_n2_m5_touch,cum20,c_1,43,0.4883720930232558,-0.0022365012476746747,-0.00044880005272918133,-0.10386852336479994,0.09055365477553959,99,0.5050505050505051,0.0017959408446867043,0.0007221711487575,-0.1056931663381694,0.09074963569342061
LO_n2_m5_touch,cum20,c_2,43,0.46511627906976744,0.00716138006482048,-0.01616856434071745,-0.13731614523773875,0.16106746127150998,99,0.494949494949495,-0.00021007648509497104,-0.0011271652728618298,-0.1433080555263242,0.18896506774980756
LO_n2_m5_touch,cum20,c_3,43,0.4186046511627907,0.004051871754199539,-0.02867489614994556,-0.15570128982063366,0.1619547834564123,99,0.5050505050505051,0.00456523065796969,0.0017551640171136196,-0.16362280202651414,0.23575549119211095
LO_n2_m5_touch,cum20,c_5,43,0.4418604651162791,0.006654752563053967,-0.01749499347199912,-0.16861898896808813,0.24640480881577045,99,0.5050505050505051,0.009536940615051687,0.00426861203046025,-0.21653613676961647,0.31387567828896784
LO_n2_m5_touch,cum20,c_stop10,43,0.3953488372093023,0.024032469973789862,-0.04118122795917378,-0.148131778609155,0.26704959512773657,99,0.40404040404040403,0.030345238362083568,-0.034171779452526585,-0.10704790882110872,0.3066522843588174
LO_n2_m5_touch,cum20,o_1,43,0.46511627906976744,-0.002973021982567571,-0.009246372126765046,-0.08404260892901234,0.0863885326651768,99,0.42424242424242425,-0.004252224436280798,-0.00783100980123197,-0.08741515167013343,0.09015218455528484
LO_n2_m5_touch,cum20,o_2,43,0.3953488372093023,0.006141216672961873,-0.00957165715245789,-0.12200510091517942,0.15222690263954294,99,0.5050505050505051,-0.00628839484661714,0.0006802437911594961,-0.1483136192943203,0.14857912632958523
LO_n2_m5_touch,cum20,o_3,43,0.37209302325581395,0.0030780490772429796,-0.024937371701210798,-0.1380392652041513,0.1511627913676321,99,0.4444444444444444,-0.001669787547684085,-0.0039853935601513735,-0.16817458295898466,0.20412153738468744
LO_n2_m5_touch,cum20,o_5,43,0.4186046511627907,0.005124578997717416,-0.020015541259813308,-0.1338704449423696,0.24840690585684758,99,0.45454545454545453,0.003405312794703304,-0.009266854939001368,-0.23071964915809634,0.3015380614484724
LO_n3_m3_close,none,c_1,40,0.4,-0.013593146845539536,-0.0097774313548315,-0.10573121843409322,0.08952217256730002,77,0.44155844155844154,-0.012764775550190191,-0.011918214704213281,-0.10612661766920209,0.09009456660783041
LO_n3_m3_close,none,c_2,40,0.325,-0.019959222974661135,-0.022304870928273435,-0.11300578633578269,0.08254532990996209,77,0.44155844155844154,-0.0019552509409848685,-0.0059193161784983905,-0.12133025942506363,0.12502250371834073
LO_n3_m3_close,none,c_3,40,0.3,-0.018884939588429843,-0.028588046623492624,-0.13847079287158645,0.12968199366304842,77,0.4935064935064935,0.000523864863281334,-0.003479391423167111,-0.14712884013574618,0.15742337180515414
LO_n3_m3_close,none,c_5,40,0.4,0.007665331307243212,-0.007831009801231859,-0.13794007184642382,0.18632250606803405,77,0.4935064935064935,0.005603041499959352,-0.00025720071574497627,-0.16331591685616925,0.23639520317077248
LO_n3_m3_close,none,c_stop10,40,0.425,0.058836500967896756,-0.011764021921667422,-0.11574874418248131,0.42997253065820823,77,0.36363636363636365,0.019361915459821712,-0.034171779452526585,-0.11987196767904258,0.36793615978988536
LO_n3_m3_close,none,o_1,40,0.325,-0.0017116053365035966,-0.00783100980123197,-0.07113815616448294,0.08745596175942628,77,0.44155844155844154,-0.007968690582023832,-0.00783100980123208,-0.08461660469298522,0.08530533187960898
LO_n3_m3_close,none,o_2,40,0.375,-0.008393525815309177,-0.013530459652060123,-0.10738873022995551,0.09784352625991391,77,0.5324675324675324,0.003237374079701953,0.0017551640171136196,-0.12963824422622275,0.13959511081662965
LO_n3_m3_close,none,o_3,40,0.375,-0.007519078345568117,-0.014418361293535187,-0.13685889153903355,0.1192067630470746,77,0.5194805194805194,0.005705562373690599,0.0047920053412460195,-0.14457521159480172,0.1635770726602953
LO_n3_m3_close,none,o_5,40,0.525,0.019750278216052762,0.010273223209579019,-0.11836686936756924,0.16258275241225065,77,0.45454545454545453,0.010587005063666041,-0.0062435394169139125,-0.16365483047904272,0.2379208076625946
LO_n3_m3_close,yoy20,c_1,13,0.38461538461538464,-0.0151576449159147,-0.02867489614994556,-0.08419317999169736,0.0841163580810317,40,0.475,-0.006538857709847365,-0.00562945139102744,-0.08265007978701314,0.09006199119914884
LO_n3_m3_close,yoy20,c_2,13,0.38461538461538464,-0.028564184633248613,-0.03594915932103504,-0.11254521080693694,0.06835228639689098,40,0.425,0.00422527050672736,-0.007625669033888449,-0.11548734773237923,0.12286876069181663
LO_n3_m3_close,yoy20,c_3,13,0.38461538461538464,-0.027418704291148437,-0.02867489614994556,-0.15482653847207406,0.10876353031903488,40,0.55,0.012322742391643854,0.004760048340885281,-0.10740377077786796,0.15533522341442216
LO_n3_m3_close,yoy20,c_5,13,0.46153846153846156,0.017206960330334396,-0.003158314399981932,-0.08518639286482799,0.15254812870615436,40,0.525,0.0029925165828368684,0.009128319207843405,-0.15963328876258684,0.23567969668745606
LO_n3_m3_close,yoy20,c_stop10,13,0.5384615384615384,0.06500380217260436,0.004069068042231727,-0.1187780672838267,0.3316086269355934,40,0.4,0.02252693398572154,-0.025978046432218016,-0.1063719211076977,0.330365054646329
LO_n3_m3_close,yoy20,o_1,13,0.3076923076923077,-0.003016060444530818,-0.02699307184369737,-0.0654471224210423,0.09042689620304002,40,0.35,-0.00956656021278309,-0.01746654958973992,-0.07261266282029594,0.09006199119914884
LO_n3_m3_close,yoy20,o_2,13,0.38461538461538464,-0.016184427361684094,-0.03617869523548245,-0.09553647747559803,0.09901821849907648,40,0.525,0.0015477137135371105,0.0007383952132192784,-0.12026375663521889,0.14003112141692184
LO_n3_m3_close,yoy20,o_3,13,0.38461538461538464,-0.01576982813728249,-0.0037647434479581854,-0.13322405898767778,0.11658914581016297,40,0.55,0.009367527298620473,0.016000500257464023,-0.14306795694354224,0.15467482268959332
LO_n3_m3_close,yoy20,o_5,13,0.5384615384615384,0.0300162148245117,0.01697321495373738,-0.07951176777606125,0.1522850049695063,40,0.45,-0.00012806683542843366,-0.004729705604709589,-0.17214020772354313,0.18092473918588786
LO_n3_m3_close,cum20,c_1,9,0.3333333333333333,-0.008161777680648222,-0.02867489614994556,-0.064633541150935,0.08591813492427311,29,0.4827586206896552,-0.005999023208731063,-0.007831009801231859,-0.07533466968120114,0.09018143436431462
LO_n3_m3_close,cum20,c_2,9,0.3333333333333333,-0.024796625937690806,-0.03594915932103504,-0.09625197165316726,0.05914727422258245,29,0.4482758620689655,0.006508636324554611,-0.0059193161784983905,-0.11912136750290725,0.160537690178896
LO_n3_m3_close,cum20,c_3,9,0.3333333333333333,-0.03870434769590768,-0.0399660378238641,-0.15597864727216826,0.11201580845718179,29,0.5862068965517241,0.020100861127633627,0.011285926426104709,-0.11296936559907214,0.16616762371767782
LO_n3_m3_close,cum20,c_5,9,0.4444444444444444,-0.003798798495850322,-0.003158314399981932,-0.10006392870969905,0.09356277613854212,29,0.4827586206896552,0.0033390921524418383,-0.00025720071574497627,-0.16734673555023716,0.23830322045961622
LO_n3_m3_close,cum20,c_stop10,9,0.5555555555555556,0.052739876822271894,0.004069068042231727,-0.09263055483894178,0.2649049139563976,29,0.41379310344827586,0.016948270340674705,-0.03294921208474488,-0.10667638171562763,0.28889293600381727
LO_n3_m3_close,cum20,o_1,9,0.3333333333333333,-0.0003093362657390229,-0.02699307184369737,-0.05522170731797334,0.09212457302796215,29,0.3793103448275862,-0.007662884264409458,-0.017577267072339642,-0.06889382311462713,0.08349126669963516
LO_n3_m3_close,cum20,o_2,9,0.3333333333333333,-0.016615362903099666,-0.03617869523548245,-0.07895002756340308,0.08672310966439317,29,0.5862068965517241,0.005068480025211377,0.0017551640171136196,-0.12135049691712554,0.13225797779695303
LO_n3_m3_close,cum20,o_3,9,0.4444444444444444,-0.031998357098483816,-0.03676927201536262,-0.13630527944878587,0.09291250242456724,29,0.6206896551724138,0.0182000375886919,0.022418044777998913,-0.1433237740239271,0.15824281501973114
LO_n3_m3_close,cum20,o_5,9,0.4444444444444444,0.004375732350072751,-1.8655547698309682e-05,-0.09083085993346832,0.1125045144761241,29,0.4482758620689655,0.001666316829120578,-0.002870164850238277,-0.17274943429647216,0.20054769140722795
LO_n3_m3_touch,none,c_1,56,0.4642857142857143,-0.0010458708739214573,-0.006495654498137993,-0.10577372238542262,0.09074184569904203,115,0.48695652173913045,-0.0021936657256545387,-0.007831009801231859,-0.10624290901629649,0.09080288393594252
LO_n3_m3_touch,none,c_2,56,0.42857142857142855,0.010677127345184367,-0.007163332149684953,-0.11124457088864231,0.19849379698760705,115,0.4782608695652174,0.006527492378408938,-0.0022043425600289934,-0.12138451336847846,0.18026933032160924
LO_n3_m3_touch,none,c_3,56,0.44642857142857145,0.014647019795226177,-0.009112881881592094,-0.1305032479696615,0.20097902254906252,115,0.5304347826086957,0.007854212036494133,0.004728091340524543,-0.15619612641721983,0.24895577800105936
LO_n3_m3_touch,none,c_5,56,0.48214285714285715,0.027285856582835714,-0.0017212385704384325,-0.1334100765493046,0.217192073951193,115,0.4956521739130435,0.009267234848926643,-0.00025720071574497627,-0.17920482714887592,0.23723473077786383
LO_n3_m3_touch,none,c_stop10,56,0.5,0.07593702369152942,0.001382742904048495,-0.10854689186927799,0.43762612394583233,115,0.3739130434782609,0.022754901800237308,-0.041199922027647884,-0.1172240010282756,0.36989586485358145
LO_n3_m3_touch,none,o_1,56,0.35714285714285715,0.0010947813951552687,-0.00783100980123197,-0.0721126591463154,0.09807760136844934,115,0.4434782608695652,-0.006453350425747348,-0.00783100980123197,-0.09314058280464747,0.0874540133237627
LO_n3_m3_touch,none,o_2,56,0.4642857142857143,0.012132283978424266,-0.00783100980123197,-0.09003929756055842,0.1548542158250249,115,0.5130434782608696,0.0026642499534961276,0.0007965466352790607,-0.14687783655176956,0.13970513030962808
LO_n3_m3_touch,none,o_3,56,0.48214285714285715,0.01603135851209344,-0.0022289234224412424,-0.1294994581808641,0.20015559479799955,115,0.5130434782608696,0.0038122274679583215,0.0030453859500334524,-0.15457290459016088,0.20063075375066305
LO_n3_m3_touch,none,o_5,56,0.5714285714285714,0.029018538351688446,0.020293535260500373,-0.1144387061939102,0.16586112142744908,115,0.4434782608695652,0.005021396881105955,-0.00783100980123197,-0.17241712889305633,0.23916061423071655
LO_n3_m3_touch,yoy20,c_1,18,0.3888888888888889,-0.005233748832088597,-0.016360851301989332,-0.0752234248022959,0.09103249267407192,61,0.5081967213114754,0.00249535975501781,0.0007221711487575,-0.10585968248554123,0.09026830212079884
LO_n3_m3_touch,yoy20,c_2,18,0.5,0.005057141686398616,0.0004282169816195447,-0.11139072208506401,0.16003796576956883,61,0.4918032786885246,0.014308485887701932,-0.0011271652728618298,-0.11807200871220624,0.1942468145798193
LO_n3_m3_touch,yoy20,c_3,18,0.5,0.006205165995045577,-0.009241045066538112,-0.1533864024719563,0.1992097344013232,61,0.5901639344262295,0.021878548542789148,0.011285926426104709,-0.14912418536880523,0.26625767731345196
LO_n3_m3_touch,yoy20,c_5,18,0.5555555555555556,0.020672441491097832,0.016744911898205372,-0.11490222330348458,0.13980552158293602,61,0.5409836065573771,0.009951573975706566,0.009781457480403155,-0.17717503640060273,0.23595908493332263
LO_n3_m3_touch,yoy20,c_stop10,18,0.5555555555555556,0.05558557532410297,0.012009394983282573,-0.11661426506858,0.29142091635196476,61,0.4262295081967213,0.03737236490617206,-0.03294921208474488,-0.10689780761230394,0.4001332131423405
LO_n3_m3_touch,yoy20,o_1,18,0.2777777777777778,0.0018564453092460328,-0.00903477545909781,-0.06361610189287033,0.09755480681830203,61,0.39344262295081966,-0.006021928078049151,-0.01388082071707808,-0.1065284486168161,0.09026830212079884
LO_n3_m3_touch,yoy20,o_2,18,0.5,0.012052929376688134,-0.008718511587324396,-0.08729501653233389,0.11880326318368352,61,0.5409836065573771,0.005994818871687003,0.0017551640171136196,-0.125479506662746,0.1393750718306328
LO_n3_m3_touch,yoy20,o_3,18,0.4444444444444444,0.01326033731800274,-0.0022289234224412424,-0.12937253341129265,0.20219070498313274,61,0.5409836065573771,0.012777092120880566,0.016486857605600758,-0.14912418536880523,0.1978625613375371
LO_n3_m3_touch,yoy20,o_5,18,0.5555555555555556,0.028307926368599585,0.01947492860928135,-0.07337375099520987,0.1495346275888892,61,0.4426229508196721,0.0006503030690258821,-0.0065892463591809,-0.17319250816769327,0.19940576634010054
LO_n3_m3_touch,cum20,c_1,13,0.38461538461538464,0.0029391603534533015,-0.02389852381254809,-0.06421985185141099,0.09108944178611127,46,0.5,0.00019816710860884201,-0.0035544193262371793,-0.09975189230171805,0.09053845676277184
LO_n3_m3_touch,cum20,c_2,13,0.46153846153846156,0.011522443531534036,-0.01616856434071745,-0.08982049370440612,0.17175310022839826,46,0.4782608695652174,0.009151609672019426,-0.00352324072568011,-0.12084122040733819,0.17946436393444726
LO_n3_m3_touch,cum20,c_3,13,0.46153846153846156,-0.005904522134394869,-0.02867489614994556,-0.15482653847207406,0.15681169230292819,46,0.5869565217391305,0.01948319560400155,0.017299617351430596,-0.15637478906115287,0.26151779776184464
LO_n3_m3_touch,cum20,c_5,13,0.5384615384615384,0.0014515162233323942,0.012253382712913208,-0.11928951068464828,0.12196977331650409,46,0.5,-0.001894486296896799,0.0032085920382861066,-0.1850181538513297,0.23582961233157962
LO_n3_m3_touch,cum20,c_stop10,13,0.5384615384615384,0.04693846900508542,0.004069068042231727,-0.08895012633426444,0.2637032259337025,46,0.391304347826087,0.008762780127511078,-0.04099667837621351,-0.11297376856452732,0.22041693002474533
LO_n3_m3_touch,cum20,o_1,13,0.3076923076923077,0.006051073365008353,-0.009246372126765046,-0.051573816188976426,0.10094627371912812,46,0.41304347826086957,-0.007925805812140554,-0.014450730441034565,-0.09973620443394435,0.08595121646086762
LO_n3_m3_touch,cum20,o_2,13,0.46153846153846156,0.01449311285508733,-0.017738546079964168,-0.07724997136191691,0.14842207411756436,46,0.5652173913043478,0.0011671297336097368,0.004568142620537952,-0.14107477252578382,0.13695555558875738
LO_n3_m3_touch,cum20,o_3,13,0.46153846153846156,-0.0031420906582574517,-0.009246372126765046,-0.13322405898767778,0.16418960422366913,46,0.5652173913043478,0.01090221866289052,0.01662753948316087,-0.15063927763132512,0.20133489911173186
LO_n3_m3_touch,cum20,o_5,13,0.46153846153846156,0.004873762145181178,-1.8655547698309682e-05,-0.08516648430493709,0.12283436877284289,46,0.41304347826086957,-0.010112361230503958,-0.007210128080206435,-0.17617940434237536,0.1866061839372115
LO_n3_m5_close,none,c_1,24,0.375,-0.005953623567627006,-0.0097774313548315,-0.0666745225833632,0.08817858323957448,47,0.5531914893617021,-0.008607595386598608,0.0027690862479001765,-0.10598990729100495,0.08986793085854129
LO_n3_m5_close,none,c_2,24,0.4166666666666667,-0.0007221306228872154,-0.007163332149684953,-0.08874002864482204,0.08440031328522005,47,0.5319148936170213,0.009226255687930117,0.009841211398237348,-0.1138393781406568,0.13896798162262267
LO_n3_m5_close,none,c_3,24,0.375,-0.007327312992432324,-0.012013960800302037,-0.13628564060697834,0.12611005432703853,47,0.574468085106383,0.014732539551427639,0.0047920053412460195,-0.10446241549944842,0.16433414929893414
LO_n3_m5_close,none,c_5,24,0.4583333333333333,0.01879420397402179,-0.0028239514944191635,-0.1365444030112776,0.17548482152794734,47,0.5957446808510638,0.01588037824257437,0.012962951071197493,-0.15178716608785373,0.1711910964885344
LO_n3_m5_close,none,c_stop10,24,0.5416666666666666,0.09475178149914769,0.008550712428664453,-0.07843882054986198,0.42445217078276526,47,0.425531914893617,0.024468309657101527,-0.017060488779825023,-0.1067712813772165,0.27463875571663515
LO_n3_m5_close,none,o_1,24,0.3333333333333333,0.007107680794236663,-0.007179124787960733,-0.03691998241031845,0.08612700174998986,47,0.44680851063829785,-0.003098793477837133,-0.00783100980123208,-0.0699825047838537,0.08827145741084604
LO_n3_m5_close,none,o_2,24,0.5,0.012605822921618987,-0.003764743447958352,-0.08313538834723726,0.10052853709228549,47,0.574468085106383,0.015006749540317645,0.007381121223962284,-0.08410157336705552,0.14249223212185785
LO_n3_m5_close,none,o_3,24,0.4166666666666667,0.005820581958591887,-0.0071392145247125005,-0.13759349973042218,0.14542494844024964,47,0.5957446808510638,0.02050446319870472,0.020337825882644767,-0.08073819809267932,0.16215616133119362
LO_n3_m5_close,none,o_5,24,0.5416666666666666,0.03255877523998751,0.018655520418191074,-0.11676589486341687,0.15742136559812187,47,0.5531914893617021,0.02159057954649319,0.012696624478742757,-0.1526387726312987,0.1776149218789205
LO_n3_m5_close,yoy20,c_1,8,0.5,0.0009695006814026824,-0.005486430089329641,-0.058810786892554985,0.06625257840687443,27,0.5555555555555556,-0.007087469785767234,0.001200437443750202,-0.09853033426495342,0.07181310647308607
LO_n3_m5_close,yoy20,c_2,8,0.5,0.00027808286708076724,0.0013878005029217544,-0.068027391315656,0.07568439490093509,27,0.48148148148148145,0.0074915441608809285,-0.0011271652728618298,-0.11286400236671465,0.11527893837037043
LO_n3_m5_close,yoy20,c_3,8,0.5,-0.014997779010332682,-0.009327894592991048,-0.13669814001577607,0.09243788157908653,27,0.6296296296296297,0.016235525234299268,0.0325010629710758,-0.10061483102958316,0.13334448718814673
LO_n3_m5_close,yoy20,c_5,8,0.625,0.03229798671258782,0.01888629553481147,-0.10378331267091681,0.16529073582937276,27,0.5925925925925926,0.004735439239940892,0.017287192482281055,-0.15178716608785375,0.1225150344958357
LO_n3_m5_close,yoy20,c_stop10,8,0.75,0.1379443216505598,0.14261834524635553,-0.07293372148696857,0.37179633751922214,27,0.4074074074074074,0.0051403581576209565,-0.03294921208474488,-0.10598990729100495,0.17955817738993
LO_n3_m5_close,yoy20,o_1,8,0.5,0.018487751688150755,0.006883360816122619,-0.05350561342975556,0.09254899223419268,27,0.4074074074074074,-0.006374797229958928,-0.01502064016499105,-0.06973475923755705,0.08513123320712347
LO_n3_m5_close,yoy20,o_2,8,0.625,0.01760220800263894,0.004643468333387246,-0.055708672185105654,0.0998572843841926,27,0.5925925925925926,0.008672403138920325,0.0017551640171136196,-0.10773967920418122,0.14855976603867985
LO_n3_m5_close,yoy20,o_3,8,0.5,0.0021807937901729135,0.0005082822114139685,-0.1254224355476869,0.11699705441426225,27,0.5925925925925926,0.017242839112107815,0.022418044777998913,-0.12580630804291673,0.1459305969527898
LO_n3_m5_close,yoy20,o_5,8,0.625,0.049177547083336645,0.038203949701634654,-0.07812861219135817,0.15503538235012343,27,0.5185185185185185,0.0060063376870766565,0.015401597407278977,-0.16892357611066633,0.1621919620223879
LO_n3_m5_close,cum20,c_1,6,0.3333333333333333,-0.007368795650439556,-0.026286709981246825,-0.06071082485182014,0.07032692868906715,21,0.5714285714285714,-0.006658321802260473,0.0047920053412460195,-0.0814285217502485,0.07365146765470554
LO_n3_m5_close,cum20,c_2,6,0.3333333333333333,-0.012604097143618561,-0.026058861830876245,-0.0705788617417211,0.06919805144158786,21,0.47619047619047616,0.004481018131010285,-0.0011271652728618298,-0.11515698229869487,0.1194443125566278
LO_n3_m5_close,cum20,c_3,6,0.3333333333333333,-0.03520965671074089,-0.03432046698690483,-0.14286520426051338,0.07919900727304668,21,0.6666666666666666,0.02033515818956416,0.03921148542370956,-0.10689780761230394,0.14728685592305912
LO_n3_m5_close,cum20,c_5,6,0.5,-0.003079347932646822,0.004547534156465638,-0.11122208059335234,0.10549977007093125,21,0.5714285714285714,0.0050719636406686315,0.012962951071197493,-0.13691804937323493,0.12826296673045756
LO_n3_m5_close,cum20,c_stop10,6,0.6666666666666666,0.08231281000353631,0.05384358884399232,-0.07408338329265865,0.26580617997341893,21,0.42857142857142855,0.005192501457942023,-0.03294921208474488,-0.10585968248554123,0.1822947709292888
LO_n3_m5_close,cum20,o_1,6,0.5,0.012719681530710125,-0.003473309227705834,-0.05608043518581601,0.09339783064665375,21,0.42857142857142855,-0.005802662631957654,-0.01502064016499105,-0.06384820637704758,0.07365146765470554
LO_n3_m5_close,cum20,o_2,6,0.5,0.007140071338817573,-0.00769087293820947,-0.05682458299518242,0.09208893477400393,21,0.6190476190476191,0.005823784840825691,0.0017551640171136196,-0.11515698229869487,0.1393750718306328
LO_n3_m5_close,cum20,o_3,6,0.5,-0.01578756637904377,-0.01599398207228825,-0.13029251692577695,0.102158361437855,21,0.6666666666666666,0.02132519539034463,0.0325010629710758,-0.1444339867126564,0.13061117487766594
LO_n3_m5_close,cum20,o_5,6,0.5,0.016384703256551447,0.008477279703019536,-0.08822587849333652,0.12577197198277218,21,0.5238095238095238,0.006281133552789105,0.015401597407278977,-0.1720848234896405,0.1251771519283129
LO_n3_m5_touch,none,c_1,33,0.42424242424242425,0.004343133239545638,-0.008823178791430575,-0.06814959769870876,0.09079314120060329,73,0.5616438356164384,0.003547964155461897,0.0047920053412460195,-0.10621785215128912,0.0909307086235939
LO_n3_m5_touch,none,c_2,33,0.48484848484848486,0.024623359858497562,-0.0014505018256771862,-0.08342483762589996,0.19863232529716698,73,0.5616438356164384,0.020118697784014473,0.013927082089091991,-0.11252177398261873,0.18136417959858048
LO_n3_m5_touch,none,c_3,33,0.48484848484848486,0.02379069601723622,-0.0038249438919504275,-0.13194884612899072,0.2340782237500291,73,0.6027397260273972,0.021396153693221776,0.02655959644482575,-0.12976601564576243,0.2109305107428619
LO_n3_m5_touch,none,c_5,33,0.5151515151515151,0.034815795378814796,0.012253382712913208,-0.1329838957461877,0.22808419633016735,73,0.6027397260273972,0.020008008677899036,0.013563469771787462,-0.179881424064967,0.1854011255714599
LO_n3_m5_touch,none,c_stop10,33,0.5454545454545454,0.09639272547958294,0.01303235681509718,-0.07903242282554084,0.4136312861221543,73,0.4383561643835616,0.03438386791539968,-0.023264749648768457,-0.10686662569112662,0.33087831560660197
LO_n3_m5_touch,none,o_1,33,0.36363636363636365,0.004994321561951198,-0.006527239774689497,-0.04717494284780854,0.08341337934037213,73,0.4383561643835616,-0.003066394230266451,-0.00783100980123197,-0.0933101843414336,0.08649178209210374
LO_n3_m5_touch,none,o_2,33,0.5454545454545454,0.024643913758181184,0.008985413761459116,-0.07943227196782392,0.1328802441528686,73,0.5616438356164384,0.013721640905540377,0.009841211398237348,-0.11029153821214317,0.14162781839561178
LO_n3_m5_touch,none,o_3,33,0.48484848484848486,0.02384603396365853,-0.0037647434479581854,-0.13718028262276608,0.2023154703689707,73,0.5616438356164384,0.014876246481965217,0.016566588318409847,-0.14631006617511594,0.17608364038195032
LO_n3_m5_touch,none,o_5,33,0.5454545454545454,0.03534535155686554,0.020337825882644767,-0.11502050336128686,0.17004624787412603,73,0.5068493150684932,0.013350320487248614,0.000988270111645928,-0.1725278973608616,0.17717439169513519
LO_n3_m5_touch,yoy20,c_1,11,0.45454545454545453,0.002472981866067642,-0.008823178791430575,-0.06409463454493908,0.0857555638006986,42,0.5714285714285714,0.0056762254384480505,0.005567419128569617,-0.10603641615009914,0.09007894015644355
LO_n3_m5_touch,yoy20,c_2,11,0.5454545454545454,0.015806635720328324,0.01894416534656096,-0.0738598220762185,0.12120521816625929,42,0.5476190476190477,0.02186663585979854,0.011863311361553497,-0.11477481897669815,0.19393113761384873
LO_n3_m5_touch,yoy20,c_3,11,0.5454545454545454,0.004774739306499359,0.010019106963963464,-0.12744754364867011,0.14940738811122767,42,0.6666666666666666,0.030242169733496645,0.037174844270697505,-0.14701286648098016,0.2616470800992358
LO_n3_m5_touch,yoy20,c_5,11,0.6363636363636364,0.023882277189895783,0.021236441083497537,-0.12104442563711376,0.15764517155544178,42,0.6428571428571429,0.017785111507406012,0.0246523718293441,-0.17622426681456424,0.142166428509008
LO_n3_m5_touch,yoy20,c_stop10,11,0.6363636363636364,0.08920411125503197,0.01994972192433342,-0.07824412989522439,0.34768371116904506,42,0.47619047619047616,0.04219056140041942,-0.016208716383570576,-0.10650431208207119,0.309486781372486
LO_n3_m5_touch,yoy20,o_1,11,0.36363636363636365,0.011574240345881857,-0.00783100980123197,-0.04964338079566488,0.09127573461550109,42,0.42857142857142855,-0.0013018936566209385,-0.010375032853023713,-0.10504403313801422,0.08923114947584411
LO_n3_m5_touch,yoy20,o_2,11,0.6363636363636364,0.02424183829687142,0.008985413761459116,-0.054034805969990496,0.09935384485312293,42,0.5952380952380952,0.014988812157552328,0.008611166311099816,-0.11392076511627591,0.1518400139701252
LO_n3_m5_touch,yoy20,o_3,11,0.45454545454545453,0.014036658401974988,-0.0037647434479581854,-0.11811731348055182,0.15706196431985775,42,0.5714285714285714,0.0225660059825114,0.019593133069359947,-0.1488896754359978,0.18340445930963079
LO_n3_m5_touch,yoy20,o_5,11,0.5454545454545454,0.03280564115138784,0.01697321495373738,-0.08988357762882798,0.15338515592175317,42,0.5,0.010253619875090344,0.001741136666868759,-0.17313712393379063,0.17760045270037061
LO_n3_m5_touch,cum20,c_1,8,0.375,-0.0019928500044605196,-0.026286709981246825,-0.06450452010645226,0.08732839162254351,32,0.5625,0.001851703168196564,0.005567419128569617,-0.10616062724461492,0.09031095174081685
LO_n3_m5_touch,cum20,c_2,8,0.375,0.0008277744858758429,-0.026058861830876245,-0.0747891367954181,0.12953804669358515,32,0.5,0.010582661473095497,0.0003139993721258949,-0.12135146559323347,0.1693016703432939
LO_n3_m5_touch,cum20,c_3,8,0.375,-0.029413672248750647,-0.03432046698690483,-0.13669814001577607,0.08000525219279903,32,0.65625,0.022827204034373074,0.037174844270697505,-0.1534745475842138,0.2155411079570784
LO_n3_m5_touch,cum20,c_5,8,0.5,-0.013688687173396219,0.004547534156465638,-0.12367679806581199,0.09483569517570166,32,0.625,0.001696989656374926,0.018044338530991633,-0.18188090687103892,0.1333789910136997
LO_n3_m5_touch,cum20,c_stop10,8,0.5,0.04395222358721973,-0.0293296406488317,-0.07863010752172656,0.2652053359620714,32,0.4375,0.00860023704115442,-0.033560495768635734,-0.10667127372390263,0.17727768277379766
LO_n3_m5_touch,cum20,o_1,8,0.375,0.008069487284398214,-0.005881095454537522,-0.05350561342975556,0.09254899223419268,32,0.4375,-0.00506575447128799,-0.010855915259155025,-0.087679464061058,0.0704127103575074
LO_n3_m5_touch,cum20,o_2,8,0.5,0.00991017925489153,-0.004376566159252526,-0.055708672185105654,0.08851171803426341,32,0.59375,0.00376879224709949,0.004568142620537952,-0.11980211826251787,0.13636786187729605
LO_n3_m5_touch,cum20,o_3,8,0.375,-0.019290538544204414,-0.023007822071063833,-0.1254224355476869,0.09599445542899647,32,0.59375,0.015595129357119004,0.019593133069359947,-0.15003324072631716,0.1712922399292826
LO_n3_m5_touch,cum20,o_5,8,0.375,-0.003700583705194757,-0.006257518388098571,-0.0969592176146643,0.11692700031167344,32,0.46875,-0.0049343201082530964,-0.0014123572738763412,-0.17498464587250254,0.12218318442683325
