date,sector,ew,breadth,f10
20211001,半導體業,-0.04085304130348017,0.7368421052631579,0.005633737037495997
20211001,航運業,-0.06331417694934909,0.7916666666666666,-0.080169721501282
20211001,鋼鐵工業,-0.04607744169567309,0.8387096774193549,-0.047442400168394815
20211001,電子零組件業,-0.04448317023178827,0.75,0.009598409044277159
20211004,半導體業,-0.03837245641147556,0.6403508771929824,0.07821537714328956
20211004,航運業,-0.0395499516509994,0.6521739130434783,-0.03189512555525476
20211004,鋼鐵工業,-0.04956911107182491,0.8064516129032258,0.01051405854162262
20211012,航運業,-0.054600554562490966,0.6956521739130435,-0.010157059762365849
20211126,航運業,-0.03981575998467814,0.68,0.08947078024909619
20220224,半導體業,-0.03851392854686944,0.7181818181818181,0.007880325741043316
20220224,電子零組件業,-0.03768869944432081,0.7127659574468085,-0.026447794983710818
20220308,航運業,-0.041251056126672764,0.6923076923076923,0.04044556559314471
20220425,航運業,-0.05030236709215262,0.72,-0.00816491568665866
20220512,航運業,-0.04397072460413264,0.72,0.043773751910851706
20220616,航運業,-0.035896590462490476,0.631578947368421,-0.10218521674779463
20220620,光電業,-0.045920753937912305,0.82,-0.046618692295738826
20220620,航運業,-0.06524173704715068,0.8947368421052632,-0.058845165102882756
20220622,光電業,-0.03299318852376711,0.66,-0.06096915183111146
20220622,航運業,-0.04501245158308042,0.65,-0.028359716743294294
20220701,光電業,-0.06090452697518485,0.9111111111111111,0.08747981148842765
20220701,半導體業,-0.06159359942206442,0.8645833333333334,0.02880200997628642
20220701,生技醫療業,-0.05284701763250669,0.7857142857142857,0.007885507180138333
20220926,半導體業,-0.05858842021456406,0.8777777777777778,-0.052684383796845265
20220928,半導體業,-0.05878591497766454,0.8791208791208791,-0.06864868528379019
20221011,半導體業,-0.06282565474625942,0.9101123595505618,-0.039796569940378626
20221013,半導體業,-0.051692566304828345,0.7777777777777778,0.05528233912878109
20221220,生技醫療業,-0.047492978310287766,0.7903225806451613,0.007677445272019659
20240419,半導體業,-0.03801445589536069,0.6692307692307692,0.02735617523164701
20240805,電機機械,-0.091257551337481,0.9807692307692307,0.15217703358410678
20240904,半導體業,-0.05140236416478607,0.8877551020408163,0.04219100427512425
20240904,電子零組件業,-0.04986601921316303,0.8543689320388349,0.04157410266236038
20240904,電機機械,-0.03340525487628486,0.74,0.04340240917642111
20250113,其他電子業,-0.03117290136776821,0.6341463414634146,0.024784477747585004
20250113,半導體業,-0.0447994953748403,0.7264150943396226,0.05133334767504916
20250331,其他電子業,-0.0580846700019806,0.8275862068965517,-0.09239416224215861
20250408,其他電子業,-0.08488381826439316,0.8928571428571429,0.02600485110292671
20250408,半導體業,-0.08721282222290222,0.9578947368421052,0.020947856236450933
20250409,其他電子業,-0.08402421586655211,0.9032258064516129,0.17533088455909301
20250409,半導體業,-0.08851411501845652,0.9791666666666666,0.17299273213306185
20250409,通信網路業,-0.08268177949265702,0.8888888888888888,0.1433299528272548
20250409,電腦及週邊設備業,-0.09084415817638714,0.9672131147540983,0.18165289818118527
20250505,電子零組件業,-0.0342522647395738,0.6588235294117647,0.08133158065243297
20260304,其他電子業,-0.055094145087056165,0.8,0.1084573624818089
20260423,半導體業,-0.04720427099030581,0.7753623188405797,0.11479773765426968
20260423,電子零組件業,-0.04544812205080664,0.7348484848484849,0.06637271596096739
20260423,電腦及週邊設備業,-0.032521755660734904,0.7068965517241379,0.0556500592541321
20260610,電子零組件業,-0.03606707570633107,0.6163522012578616,0.10450103368244913
20260729,其他電子業,-0.0444007173289629,0.7073170731707317,0.1628532571375701
20260903,光電業,-0.04210219898651343,0.6612903225806451,0.02294542789229963
