src,stop,mode,n,win,mean,median,pf,avg_win,avg_loss,p5,days,stopped_share,wash60,capped_share,open_share,mean_stopped,mean_kept,port_cagr,port_mdd,port_exposure,is_win,oos_win,is_mean,oos_mean
A_S1,5,close,5815,0.1475494411006019,0.060907803502250155,-0.06272560557042595,2.008776997364858,0.8220002035872387,-0.07082858529599882,-0.12017396525836391,51.236801375752364,0.8677558039552881,0.7621668099742046,0.09544282029234738,0.03680137575236458,-0.06860658821463637,0.9107512633246291,0.3091182934823056,-0.3495372193270101,0.9269085039475732,0.1607621315867818,0.12947882736156352,0.04662192351294234,0.08044618741270818
A_S1,5,intraday,6567,0.11999390893863256,0.048797351997280504,-0.05743945931117034,1.9681434504423552,0.8267117149579578,-0.05727576065421867,-0.0698415716886549,41.05923557179839,0.8950814679457896,0.810263438404142,0.07644282016141313,0.02847571189279732,-0.05548689207024309,0.9384675793251525,0.22574855482313017,-0.26778129697716313,0.8008774865414909,0.13638785295684602,0.09811589050835406,0.03828022289460707,0.06283265333088732
A_S1,7,close,5121,0.1800429603593048,0.07413465350067973,-0.0802927899842879,2.0196555975761914,0.8155844307940626,-0.08866998919150863,-0.13835163631935854,65.02694786174575,0.8254247217340364,0.6895137668424136,0.1265377855887522,0.04803749267721148,-0.08711431659091132,0.8365500859136052,0.37246661232160894,-0.31375299100190723,0.9191653809274989,0.2005429250084832,0.15225390984360626,0.06179060291471747,0.09086782602912075
A_S1,7,intraday,5556,0.15334773218142547,0.06514258844439597,-0.07728283911514577,2.0167933721343254,0.8425901005507752,-0.07567060890140234,-0.09253274019971747,55.45896328293737,0.8515118790496761,0.7357811375089993,0.10763138948884089,0.04085673146148308,-0.0744093178417958,0.8654093383110302,0.29579225531522124,-0.41398424865162553,0.9103161258685173,0.17146472635242013,0.12943632567849686,0.05448157652185745,0.07921334363735806
A_S1,10,close,4425,0.23480225988700565,0.09906405928185298,-0.10616628224061764,2.1287147369479573,0.7956958970173477,-0.11469863398665818,-0.1634509506168672,85.91977401129944,0.7584180790960452,0.5769491525423729,0.17649717514124294,0.06508474576271187,-0.11437637795704429,0.7691352542058374,0.1561130816938594,-0.4959188922773623,0.9049616912975007,0.2537601234091786,0.20796943231441048,0.07864970804821007,0.12795838938492946
A_S1,10,intraday,4743,0.20704195656757327,0.08663364410596704,-0.1070479088211087,2.057235430559125,0.8142176376818099,-0.10333909763598395,-0.12233784153180419,75.06978705460679,0.792325532363483,0.6318785578747628,0.15222433059245202,0.055450137044064936,-0.10244889995830764,0.8080267411552505,0.2469835049583824,-0.4226829028612119,0.9175105608553232,0.22955628896222954,0.1765873015873016,0.07117650509550347,0.10754218482101374
A_S1,15,close,3836,0.3180396246089677,0.12857950199744525,-0.1414585444882635,2.20573472483277,0.7395916832653362,-0.15637266204950692,-0.21661727139417997,118.3766944734098,0.6449426485922837,0.40041710114702816,0.2643378519290928,0.09071949947862357,-0.16155757701744314,0.6555979553622279,0.32482209578799526,-0.43128769417919777,0.9234657685855021,0.34566270365477764,0.2779552715654952,0.10531888941521611,0.16233340051133818
A_S1,15,intraday,3968,0.2991431451612903,0.12234433162088675,-0.15304796820940259,2.1887319975348913,0.7530319990014523,-0.14684885830386382,-0.17283029939196,109.69833669354838,0.6743951612903226,0.44682459677419356,0.24143145161290322,0.08417338709677419,-0.1498554297745028,0.6861264999599446,0.34782118656724714,-0.31116097004837195,0.9208852878028276,0.3283002588438309,0.2581818181818182,0.10159294327774114,0.15149688809325737
A_S1,20,close,3544,0.38148984198645597,0.14780616102307484,-0.1512375360318886,2.2533169676448375,0.6965798805761556,-0.19067106016112453,-0.26136540396451396,146.3027652370203,0.5316027088036117,0.2610045146726862,0.35299097065462753,0.11540632054176073,-0.2101995002389528,0.5541210199493761,0.2572369598437443,-0.3905618524581973,0.906369665609206,0.408,0.34178999295278367,0.11792397593790502,0.19255573347267732
A_S1,20,intraday,3619,0.3650179607626416,0.13843395241880305,-0.17010767327408882,2.181011173589047,0.700377632895565,-0.18459807626257319,-0.22388000856830048,137.86432716219952,0.5653495440729484,0.3097540757115225,0.32660956065211383,0.10804089527493783,-0.19924736803988236,0.5776558097986316,0.2451779928274267,-0.4070636745667173,0.9109968527185397,0.3929400836042731,0.32401091405184174,0.10983189464127682,0.18043956660366933
A_S10,5,close,7564,0.15335801163405605,0.09455937656452718,-0.06475873874706284,2.492898075502285,1.0296093915099567,-0.0748125811707474,-0.1263558059206425,47.544156530936014,0.8593336858804865,0.7685087255420412,0.10126916975145425,0.03939714436805923,-0.07253275218571142,1.1153289600951202,0.2912025558072482,-0.34492348373674453,0.9821351661919012,0.10099290780141844,0.19905917306263926,0.01841208889823364,0.16101621960084428
A_S10,5,intraday,8697,0.11210762331838565,0.07032461414516133,-0.05743945931117034,2.3604995265322786,1.0883729389025831,-0.05821684100097779,-0.06407794015148982,34.263999080142575,0.8972059330803726,0.8305162699781534,0.0724387719903415,0.030355294929285962,-0.0568338951787719,1.1801879790832497,0.22406777390540844,-0.4468348094638853,0.9747228456024537,0.07478739369684842,0.14386039582889976,0.011118450156037896,0.12069836252322379
A_S10,7,close,6826,0.18151186639320246,0.10625503906750462,-0.08178709585212929,2.421271914588477,0.997265748385673,-0.09133978263380382,-0.1404739229294094,59.338118956929385,0.824494579548784,0.706123644887196,0.12584236741869323,0.049663053032522705,-0.08942822536136508,1.0255416936632298,0.2559544276113488,-0.43433226009582027,0.9719903388338406,0.12766624843161856,0.22869708631115998,0.022826853569447626,0.17936363042753922
A_S10,7,intraday,7546,0.14921812880996554,0.09198890408614888,-0.07728283911514577,2.3976365093538305,1.0575549966058446,-0.07736116136200961,-0.08958632971420835,48.38232175987278,0.8560826928173867,0.7606679035250464,0.10336602173336867,0.040551285449244634,-0.07585123340564531,1.0903749889820884,0.06627636591291863,-0.4213801760324516,0.9868190709170925,0.10043041606886657,0.19108593942378724,0.016826236579136417,0.1564907253769488
A_S10,10,close,6036,0.22365805168986083,0.12392638760547839,-0.10843104744355653,2.3495889615846695,0.9646496892807032,-0.11827942913834437,-0.16968343717772189,77.1779324055666,0.7710404241219351,0.6111663353214049,0.16351888667992048,0.06544068919814447,-0.11745097728068718,0.9367847495303804,0.039093276603526794,-0.4104632874085098,0.9795158506483392,0.16880341880341881,0.27137546468401486,0.03223926307781288,0.20368396061467445
A_S10,10,intraday,6476,0.19950586781964175,0.1105803491768784,-0.1070479088211087,2.3022357272273704,0.9799015992162916,-0.10607919076349999,-0.12355387911141086,67.02161828289067,0.7995676343421866,0.6616738727609636,0.14360716491661518,0.05682520074119827,-0.10484734224255154,0.9699675496158677,0.11048060112346447,-0.3459868320993801,0.9773677587134973,0.14956405097250167,0.24212936462507156,0.0264425701180042,0.18238883720022214
A_S10,15,close,5163,0.30060042610885146,0.1508484073942345,-0.15120803150625617,2.3351925675366645,0.8776673269125415,-0.1615367942375607,-0.21558761750791366,107.52256440054232,0.6678287817160565,0.4516753825295371,0.24017044354057718,0.09200077474336626,-0.16485866083985037,0.7855760874357066,0.19744658844101792,-0.49053562781407867,0.9774720254218426,0.24979114452798662,0.3445287107258938,0.04803013691395828,0.2397422100413205
A_S10,15,intraday,5340,0.2833333333333333,0.1447627038027317,-0.15665635833104707,2.3391729329206363,0.8924516198830487,-0.15083523976390523,-0.17493158591804522,99.7691011235955,0.6911985018726592,0.4904494382022472,0.22228464419475655,0.08651685393258426,-0.15286663769753756,0.8109542741347475,0.3765627388219863,-0.4935692962306347,0.9490990306606973,0.2329268292682927,0.3263888888888889,0.045546045701335774,0.22951026593100743
A_S10,20,close,4654,0.36097980232058446,0.1710313063343573,-0.17807619828564075,2.347976303105704,0.8252853998249399,-0.19855405918823132,-0.26806710032741204,134.2709497206704,0.563386334336055,0.30575848732273314,0.3205844434894714,0.11602922217447358,-0.21285196392147462,0.6663767465955734,0.15929528282521055,-0.4384567428763262,0.9800389913396786,0.3174896169820028,0.3988741455568959,0.06105330470316618,0.266858539762098
A_S10,20,intraday,4780,0.34560669456066945,0.16438292698291468,-0.18887103978384484,2.321955951319811,0.8354328635318615,-0.1900206840077696,-0.22617729055582306,126.94686192468619,0.590794979079498,0.34560669456066945,0.2993723849372385,0.1098326359832636,-0.20072594030809598,0.6915135206586887,0.2142865533692111,-0.443183407410919,0.9691836671830075,0.30241018644838563,0.3824099186361875,0.05814631238655951,0.25489602868666705
A_S2,5,close,7336,0.14108505997818974,0.05759190952470777,-0.06306166210302094,1.9460034587521426,0.8397138854957722,-0.07087916572208665,-0.11770568875080284,47.45556161395856,0.8769083969465649,0.7808069792802618,0.09023991275899673,0.032851690294438386,-0.06838154082203442,0.9550306759483984,0.21994059167420454,-0.33333791463562945,0.9716408294449417,0.14021967749474176,0.1422963689892051,0.027088731012758684,0.10028837692825052
A_S2,5,intraday,8185,0.11081246182040318,0.044788218635638526,-0.05743945931117034,1.8817691832989447,0.8625546516076916,-0.05712359157398666,-0.06553016372273601,36.635186316432495,0.9034819792302994,0.8309102015882712,0.07049480757483201,0.026023213194868663,-0.055344467644968774,0.9821062123636018,0.08507251557678197,-0.34061675672155645,0.9850684393008446,0.11582764505119454,0.10408921933085502,0.02187088759100869,0.0755106801561489
A_S2,7,close,6523,0.1703204047217538,0.07133595135031193,-0.08073799630146095,1.9764125041752718,0.8477856035815283,-0.08805716831503943,-0.13340935718616215,61.85604783075272,0.8376513873984363,0.7081097654453472,0.1204967039705657,0.041851908630998004,-0.08617179779220507,0.8840104946125527,0.14313898095325817,-0.34917991533216186,0.9725306148112873,0.17130115424973766,0.16894135005533015,0.033693428159051735,0.12426597658272939
A_S2,7,intraday,7062,0.143160577740017,0.06068427849632627,-0.07728283911514577,1.9370789625032139,0.8762416387885965,-0.07557889969826724,-0.08875102542616833,51.59572359105069,0.8654772019258,0.7580005664117814,0.10025488530161428,0.03426791277258567,-0.07386471166794031,0.9263299920584287,0.219253066503714,-0.3532041785693012,0.8893527376372071,0.147629575042987,0.13707790036776998,0.0297650271555264,0.10276795359107596
A_S2,10,close,5642,0.23236440978376463,0.09845000036369468,-0.10679804707354973,2.1219194153455705,0.8013335665751068,-0.11431387756361104,-0.16118358415150288,86.20134704005672,0.7626728110599078,0.5797589507266927,0.17883729174051755,0.05848989719957462,-0.11357917919948343,0.7798253249793448,0.021667866301515737,-0.4266196744492825,0.9729641782102074,0.2369453667370963,0.22584800343495062,0.05265877199450219,0.1635879735655559
A_S2,10,intraday,6013,0.20172958589722267,0.08385768814276257,-0.1070479088211087,2.0159264228084037,0.8248703811912126,-0.10340239449635619,-0.12206890425884687,74.67221021120905,0.7976051887576917,0.6376184932645934,0.15200399135207052,0.05039081989023782,-0.10231993385642789,0.8175535592258499,0.06015457032414706,-0.37135039061269304,0.9856193279496982,0.20625358577165806,0.19548872180451127,0.044245248750268064,0.13850310314958322
A_S2,15,close,4924,0.3066612510154346,0.12217788902851993,-0.1439987074993636,2.135241076378922,0.7493634952337346,-0.15522406333523928,-0.20770918979561345,119.87692932575142,0.6561738424045491,0.4000812347684809,0.26563769293257516,0.07818846466287571,-0.15983904956581446,0.6603921410062487,0.07152190276213988,-0.38245425224102214,0.9616716671608561,0.3146374829001368,0.295,0.06843936399295539,0.20074361263051538
A_S2,15,intraday,5085,0.2843657817109145,0.11282996671460319,-0.15665635833104707,2.078230813862981,0.7647670447696974,-0.14622499752493134,-0.17080904605904235,110.59193706981317,0.6863323500491643,0.4450344149459194,0.24090462143559488,0.0727630285152409,-0.14945265044998604,0.6867273547424505,0.11784967641610788,-0.3861320521878586,0.9740044628913227,0.29378342245989303,0.2709030100334448,0.061927751249808656,0.18559605781382213
A_S2,20,close,4519,0.3726488161097588,0.1456578981084225,-0.15363258295854154,2.2278412306521815,0.709212394941402,-0.18909546085691706,-0.25744626888431654,148.52976322195175,0.5328612524894888,0.25713653463155567,0.36733790661650806,0.0998008408940031,-0.20907437250273225,0.550298024887987,0.05147989661178487,-0.42184085174499864,0.9742921414383092,0.38237463126843657,0.3580520199225235,0.08295463264502065,0.23976484660689826
A_S2,20,intraday,4612,0.35819601040763227,0.14046981587349328,-0.1685004475676905,2.2000210967521836,0.7189525577211351,-0.18238609275228526,-0.21942664713207652,140.73764093668692,0.560928013876843,0.29596704249783173,0.34410234171725934,0.09496964440589765,-0.19802654790370922,0.5729093680175045,0.0683893291086537,-0.40455653205597153,0.9743822031736106,0.3693202471828426,0.3417517463729178,0.08011654702449655,0.22968628153904397
A_S5,5,close,6012,0.13157019294743846,0.056266714654864596,-0.0628339815393299,1.9235737303949731,0.8906997126666798,-0.07015284125920278,-0.11171870727490558,47.28376580172987,0.8807385229540918,0.7882568196939455,0.08982035928143713,0.02944111776447106,-0.06841769660343176,0.9770532664159235,0.09569799810724366,-0.35314052507894966,0.9595769688751468,0.1437246963562753,0.11511354737666406,0.03747274415290729,0.08171289711209573
A_S5,5,intraday,6517,0.1041890440386681,0.04412146920557031,-0.05743945931117034,1.8588057546531296,0.9165728205182538,-0.05735069035957392,-0.0653480527113055,37.26622679146847,0.9060917600122755,0.833665797145926,0.07089151450053706,0.023016725487187355,-0.056144959009518325,1.011561434254751,0.17733916850497056,-0.4045630291175579,0.9700038873259803,0.11664870689655173,0.0877005347593583,0.03270081584987752,0.05923500405631244
A_S5,7,close,5413,0.16257158692037688,0.07063279783150424,-0.08042874079138562,1.9594245640829895,0.8873183829744102,-0.0879119440449037,-0.13164002705438566,61.2050618880473,0.8416774431923147,0.7162386846480695,0.11731017919822649,0.04101237760945871,-0.08683973854325741,0.9077913459335044,0.044950896681193786,-0.4899072069029168,0.9417690373882377,0.17537072856221791,0.14539160536564258,0.04438797400697213,0.10586059683786452
A_S5,7,intraday,5750,0.13704347826086957,0.06273956491130633,-0.07728283911514577,1.9534802713123272,0.9379516418642415,-0.0762501804814613,-0.08988302822177946,52.404,0.8652173913043478,0.7598260869565218,0.10121739130434783,0.033565217391304344,-0.07547769166659911,0.9500051797178605,0.01654108489529693,-0.4862429663832134,0.9574108272395981,0.15030487804878048,0.1194331983805668,0.04216089670796066,0.09006670325421069
A_S5,10,close,4720,0.2163135593220339,0.0922363700749337,-0.10790405011982274,2.027898233974769,0.8412295054097679,-0.11450112416049903,-0.15714453449127322,83.7781779661017,0.7739406779661017,0.5917372881355932,0.16716101694915253,0.058898305084745764,-0.11490786649763601,0.8014190281813977,0.166260546349289,-0.4366617918742337,0.9331269861950418,0.23133776792313376,0.19612711022840118,0.05913056956321506,0.13671715268899062
A_S5,10,intraday,4982,0.1936973103171417,0.08311298410126783,-0.1070479088211087,1.9891802515064012,0.862867252637117,-0.10420662484498422,-0.12102973234204131,73.85447611401044,0.8028904054596547,0.6445202729827378,0.14592533119229226,0.05118426334805299,-0.10395813387760547,0.8451134646669431,0.032116514462182,-0.40593897777447785,0.9588201379175658,0.20991150442477877,0.17246175243393602,0.0548563849385815,0.12012035203570866
A_S5,15,close,4063,0.29928624169333007,0.1206980503647929,-0.147688993494259,2.092501723870027,0.7724265551505959,-0.15766579291569055,-0.21347679251764054,118.73812453851833,0.659857248338666,0.40044302239724344,0.25301501353679545,0.08712773812453851,-0.16331902392794753,0.6716747335622149,0.21677321266080907,-0.42899792242923473,0.9497696189359751,0.31427361287590005,0.2784958871915394,0.07907541650445404,0.17843661590196097
A_S5,15,intraday,4212,0.2789648622981956,0.11371689656155824,-0.15665635833104707,2.065951241593187,0.7900566311073236,-0.1479555394250319,-0.17437941825202283,109.32312440645774,0.6892212725546059,0.449667616334283,0.23076923076923078,0.08000949667616335,-0.15201996039616503,0.7030477565678764,0.12331893732594268,-0.35033930791343526,0.9529679718124408,0.29574555968608013,0.2562814070351759,0.07358891605273553,0.16796024709861007
A_S5,20,close,3733,0.3573533351192071,0.13629738331771019,-0.17093073852418028,2.1050120190111654,0.7265696565285644,-0.19193238427848802,-0.264477092400084,146.89445486204124,0.5504955799624967,0.25716581837664076,0.342887757835521,0.10661666220198232,-0.21156290941735825,0.5623122233478447,-0.02685754480456881,-0.4671620396852032,0.9471631373166959,0.37665903890160185,0.3301033591731266,0.09288273028194566,0.19757710998640887
A_S5,20,intraday,3804,0.3441114616193481,0.13224345470859247,-0.179986235017501,2.090790662962322,0.7366211564723337,-0.1848428826095387,-0.22148890856409525,138.79022082018926,0.5793901156677181,0.29468980021030494,0.3186119873817035,0.10199789695057834,-0.19978459352300673,0.5896120911476204,0.03852524199960805,-0.3657356023350272,0.9473778633848977,0.36532367587143505,0.3147335423197492,0.09043051981928323,0.19015240340482079
A_S_BB1,5,close,10467,0.1289767841788478,0.05295038601747004,-0.06343081794763628,1.8666165112844795,0.8842717079417654,-0.07014753924279087,-0.11228785083515341,45.52297697525557,0.882583357217923,0.7939237603897965,0.08703544473105952,0.030381198051017484,-0.06832364499110388,0.964528497048557,0.17665689632708803,-0.4303904765679146,0.9862459032567895,0.1352623322293882,0.12135306553911206,0.030458725117777075,0.08023044068587143
A_S_BB1,5,intraday,12776,0.09783969943644333,0.03702648005411519,-0.05743945931117034,1.710261782983541,0.9112582257272889,-0.05778435476208009,-0.06680521792032298,33.979414527238575,0.9118659987476518,0.8459611772072636,0.06504383218534752,0.023090169067000624,-0.056417018525344746,1.0038264431542117,0.08157446136291169,-0.22809110835587343,0.8009348071778755,0.10565650644783119,0.08887768817204302,0.02050214048365483,0.05597172421218333
A_S_BB1,7,close,8975,0.16077994428969358,0.06733265734623711,-0.0805817069333793,1.9129156374734315,0.8775240986855296,-0.0878859100797585,-0.1312145099924293,60.24869080779944,0.8425626740947075,0.7189972144846797,0.11643454038997214,0.041002785515320335,-0.08642247485347127,0.8901892105622279,0.04148762161860953,-0.46955246326931543,0.9789455545836744,0.1678434537018358,0.1520657043305127,0.03966886900164578,0.10146142758619213
A_S_BB1,7,intraday,10173,0.13349061240538682,0.05490686929733519,-0.07728283911514577,1.8284381183325773,0.9078124809238511,-0.07648800541495168,-0.08969919315277666,49.20770667453062,0.8716209574363512,0.7729283397227956,0.09623513221271994,0.03214391035092893,-0.07518193663942774,0.9381361512584966,0.12477608591693867,-0.3736511879067961,0.8505526033423388,0.14027476500361533,0.12540400775694893,0.03175364024207068,0.08250515913437961
A_S_BB1,10,close,7630,0.2148099606815203,0.08844703805236503,-0.1075009540221128,1.9820526297731467,0.8310158311054024,-0.11470272856655142,-0.16231174007697427,83.17038007863695,0.7744429882044561,0.5938401048492792,0.16972477064220184,0.05583224115334207,-0.11466607369268059,0.7858295931374751,0.21209747460386885,-0.4221146660777545,0.9601858966891491,0.22324159021406728,0.20420242675347736,0.052185528797883365,0.13406635614671292
A_S_BB1,10,intraday,8180,0.19278728606356968,0.07882001672933382,-0.1070479088211087,1.9354475434333211,0.8459020925958824,-0.10438283555622538,-0.12212604391192772,73.24388753056235,0.8018337408312959,0.6474327628361858,0.14816625916870416,0.05,-0.10364206965789136,0.8171104699149044,0.29192783836048,-0.4571623571372144,0.977158209363844,0.2017738359201774,0.18174386920980926,0.04652880279320198,0.1185021352176048
A_S_BB1,15,close,6438,0.29714196955576266,0.11253781539796713,-0.14730133625208003,2.02003520632504,0.7500293520880889,-0.15696965635633184,-0.21390697683277474,117.20068344206275,0.6627834731283007,0.40835663249456355,0.2584653619136378,0.0787511649580615,-0.1618778981474748,0.6518891971107266,0.05423579555789981,-0.380734455168776,0.9798402005552189,0.31267217630853994,0.27706552706552706,0.06936307361088893,0.16835131706716008
A_S_BB1,15,intraday,6665,0.2792198049512378,0.10565855444057264,-0.15665635833104707,1.9939295026570312,0.7591238962778575,-0.14748445162919985,-0.17451966063838772,109.16564141035259,0.6883720930232559,0.44801200300075017,0.23780945236309078,0.07381845461365341,-0.1507345594032493,0.6720194626328958,0.12202759894885462,-0.426760474654176,0.9681244310764229,0.29685399300887333,0.25695858791581805,0.06578484552399899,0.155994713116994
A_S_BB1,20,close,5792,0.35894337016574585,0.1305655660615932,-0.16382685923959756,2.0634726532805656,0.7057893661995452,-0.1915163839752509,-0.2685141072848165,145.7415400552486,0.5447168508287292,0.25984116022099446,0.35376381215469616,0.10151933701657459,-0.2110142530872889,0.5392437342127966,0.060621595583802534,-0.4498949754477367,0.9675859488084508,0.37261435928506514,0.34082697711762344,0.07952149815575686,0.19820766488020655
A_S_BB1,20,intraday,5930,0.34350758853288366,0.12468735918100593,-0.17646512499221778,2.030892033289408,0.7150884176525389,-0.18423813686484888,-0.22561006035656528,138.15598650927487,0.5762225969645869,0.2927487352445194,0.32765598650927485,0.09612141652613827,-0.19883625955772183,0.564591937466017,-0.0103033695045609,-0.48290070658428075,0.9734466515498108,0.36191904047976015,0.3198458574181118,0.07821105396836145,0.18441702310554134
A_S_BIAS,5,close,3778,0.2930121757543674,0.17654409770441157,-0.055251131325442404,4.306860160321955,0.7847159430206985,-0.0755136457493996,-0.14669723337231003,69.43197458973002,0.7522498676548438,0.6156696664902065,0.15749073583906828,0.09025939650608787,-0.06806297374934622,0.9192506116697744,0.002514531358271288,-0.4502313353604186,0.9861227015725379,0.17539089055064583,0.3680104031209363,0.032072277365601615,0.2686628873526081
A_S_BIAS,5,intraday,4898,0.2041649652919559,0.12723386381107052,-0.05743945931117034,3.6327837641386473,0.8598958511689799,-0.060724573171461356,-0.09319623852548789,51.642711310739074,0.8168640261331156,0.7151898734177216,0.11412821559820335,0.0690077582686811,-0.05731681996720421,0.9504080954686818,0.09160535822282379,-0.5113074218502496,0.9827995165901566,0.15031196823596144,0.23444976076555024,0.029375379434727674,0.18226560478570933
A_S_BIAS,7,close,3306,0.3203266787658802,0.20644087000276515,-0.07018828151876183,4.311949962801512,0.8390590296724421,-0.09170894356652182,-0.16906085252385292,83.75226860254084,0.6999395039322444,0.5350877192982456,0.19328493647912887,0.10677555958862674,-0.08634614628600037,0.8894138092086153,0.0276320185834531,-0.4791646550715821,0.973868593492998,0.20937752627324172,0.3866602223296278,0.04204962181343905,0.3047260193552042
A_S_BIAS,7,intraday,4006,0.25237144283574636,0.16325462227171195,-0.07728283911514577,3.778883625033521,0.8796672706383701,-0.07857949709346053,-0.10602164283138216,67.58811782326511,0.7581128307538691,0.6240639041437843,0.15351972041937095,0.08836744882675986,-0.07537790508933484,0.9111668881081403,0.30604126205871207,-0.4497002335918643,0.9832425304331763,0.17844646606018194,0.29336437718277064,0.03495708942001494,0.23439826776844264
A_S_BIAS,10,close,2821,0.3651187522155264,0.23414566054889,-0.09100685329094893,4.078318830339079,0.8496098727657336,-0.11980639896163427,-0.19406337689355713,103.1616448068061,0.6295639844026941,0.41935483870967744,0.238922367954626,0.1315136476426799,-0.11747411312814886,0.8317310366736946,0.0666082658415037,-0.4739877596472599,0.9796657997702188,0.24660194174757283,0.4332774986041318,0.04540464984258613,0.34269018373565324
A_S_BIAS,10,intraday,3138,0.3326959847036329,0.2125903193009921,-0.1070479088211087,3.9994022880898727,0.8520327673165983,-0.10621479804776289,-0.13859552325475588,91.75175270873167,0.6669853409815168,0.4859783301465902,0.21606118546845124,0.11695347355003187,-0.10353006622503098,0.8457386129909119,-0.00838932830709982,-0.4868041037018741,0.9705757397014801,0.22389380530973452,0.3939243027888446,0.04381947787869728,0.30756594221294087
A_S_BIAS,15,close,2433,0.44677353062063296,0.2678046251478318,-0.08822340234868298,4.020776808512666,0.7978513164980167,-0.1602494264848954,-0.24345215580296548,127.78956021372791,0.5252774352651048,0.28442252363337445,0.31853678586107687,0.15618577887381832,-0.16276614693602823,0.7442283885445186,0.030685236066168686,-0.4483926950524928,0.9721248761285081,0.32860520094562645,0.5097668557025835,0.06361084892534849,0.3766565058562256
A_S_BIAS,15,intraday,2555,0.42309197651663405,0.25722608103028505,-0.11506438439774092,4.000437380741822,0.8105935074663777,-0.14860172628139484,-0.18518308732998723,120.10919765166341,0.5573385518590998,0.32524461839530333,0.29315068493150687,0.14951076320939335,-0.1491989497313622,0.7689407086205465,-0.06775915393997034,-0.555790574427361,0.9683958262466055,0.30248306997742663,0.48711803475134813,0.05782081489196284,0.3630817226112038
A_S_BIAS,20,close,2239,0.5055828494863779,0.28989487469680336,0.007844445553711443,4.031513684180131,0.7625297796421795,-0.19341380858970594,-0.2788117888127595,146.84189370254578,0.4296560964716391,0.18847699866011614,0.3894595801697186,0.18088432335864224,-0.20807264406481907,0.6650278058234133,-0.07085692330030813,-0.5017171412862083,0.9706069180934936,0.3853211009174312,0.5677506775067751,0.06625070039486691,0.40550497293012144
A_S_BIAS,20,intraday,2287,0.4905990380411019,0.2793704566240223,-0.012340868847590003,3.93315343197211,0.7635894027398379,-0.1869760305364455,-0.2427522085850633,141.9877568867512,0.4525579361609095,0.21163095758635767,0.37210319195452557,0.17533887188456493,-0.19853105142058491,0.6744407927471601,-0.054033046694476616,-0.4989855042027118,0.9754089189799245,0.36936936936936937,0.5529801324503312,0.06565617149325854,0.38934131725091203
A_S_BREAKBOTTOM,5,close,3817,0.21194655488603614,0.10331625038173459,-0.05950647804075104,2.796864580336149,0.7587494084494584,-0.07296214884592116,-0.13265946209474266,65.18915378569557,0.8103222425988996,0.6795913020696882,0.14356824731464501,0.04610951008645533,-0.06893124789118807,0.8391746925891239,0.13399538266709787,-0.4672605071288284,0.9571051035371263,0.19408224674022065,0.23148656061437192,0.057094674563219434,0.15387347593418618
A_S_BREAKBOTTOM,5,intraday,3947,0.1783633139092982,0.08432244758034574,-0.05743945931117034,2.727796626868963,0.7463749198045694,-0.059397854746466916,-0.08214056060787724,52.6399797314416,0.8441854573093489,0.7413225234355206,0.11603749683303775,0.03977704585761338,-0.05608388659860765,0.8450279849531468,0.15989306188380348,-0.38297282388555864,0.8450731962904028,0.16253041362530413,0.19556025369978858,0.04676709145217494,0.12511328100708516
A_S_BREAKBOTTOM,7,close,3580,0.24581005586592178,0.11539606460179797,-0.07723518624619646,2.6818669564150954,0.7485778007833125,-0.0909742790425475,-0.1552491905258972,80.14413407821229,0.7653631284916201,0.5994413407821229,0.17793296089385474,0.05670391061452514,-0.08759277145944615,0.7775263155634752,0.07035578872251413,-0.5446663605210627,0.9695783205239565,0.23056155507559395,0.2621527777777778,0.06811346432533134,0.16607162924995547
A_S_BREAKBOTTOM,7,intraday,3665,0.22155525238744883,0.10883316979506336,-0.07728283911514577,2.805293283759191,0.7633254344110825,-0.07744363317311315,-0.09825849038375485,70.1800818553888,0.7926330150068213,0.6504774897680764,0.156343792633015,0.05102319236016371,-0.07415519522331493,0.8082821176613645,0.0740835077477997,-0.48475852059263425,0.9545422305641932,0.20538542766631468,0.2388481084133258,0.06303073610250642,0.15781668725057033
A_S_BREAKBOTTOM,10,close,3304,0.28299031476997577,0.12386343653460034,-0.1039606361908823,2.452596823204253,0.7390139293175321,-0.11892495973050783,-0.19341161177245583,97.55115012106538,0.710956416464891,0.5042372881355932,0.21973365617433413,0.06930992736077482,-0.11760241581105609,0.7177935801575814,0.06297984725771943,-0.44500379327378725,0.968475033778733,0.2690930787589499,0.2972972972972973,0.06941294220658142,0.17991935084280655
A_S_BREAKBOTTOM,10,intraday,3377,0.264435889843056,0.11850280691075452,-0.1070479088211087,2.5344140020397066,0.7401900545600112,-0.10499425917249275,-0.13427393921942682,89.49422564406278,0.732306781166716,0.5504885993485342,0.2034350014806041,0.06425821735267989,-0.1033725395406068,0.7254693243601091,0.07058631460804055,-0.5074557906458046,0.9442688465497858,0.2482598607888631,0.2813067150635209,0.06396024458478038,0.17538809272441414
A_S_BREAKBOTTOM,15,close,2960,0.35405405405405405,0.1419179099358186,-0.13720871057481898,2.363309279406269,0.6948543879865479,-0.16115605920495765,-0.24673995762296635,124.27702702702703,0.6152027027027027,0.3564189189189189,0.2935810810810811,0.09121621621621621,-0.164492117237871,0.6317973300265023,-0.00657905489311994,-0.4307677776736548,0.9613275641179996,0.34744027303754266,0.3605351170568562,0.07951177051956437,0.203071752240041
A_S_BREAKBOTTOM,15,intraday,2998,0.34122748498999333,0.13937573167510312,-0.15039052997681152,2.4238077009379166,0.6953284167008695,-0.14859368441672424,-0.1865458464082983,117.84923282188126,0.6324216144096064,0.390927284856571,0.27985323549032687,0.0877251501000667,-0.15063249885009136,0.6383372607819713,-0.0510584634739647,-0.4332791031565222,0.9690171014615598,0.33221476510067116,0.35013262599469497,0.07437058660599258,0.20360495326195635
A_S_BREAKBOTTOM,20,close,2719,0.4075027583670467,0.15403938215242263,-0.13980234993664553,2.3290875036867056,0.6624200143705088,-0.19561036365616796,-0.286595103960275,146.09194556822362,0.5226186097830084,0.22839279146745126,0.36373666789260756,0.11364472232438397,-0.21002284148231848,0.5526005684274359,0.05285116509490151,-0.3926505926122703,0.9755332696858894,0.4072398190045249,0.4077530509691314,0.09137775381954849,0.21368713460711833
A_S_BREAKBOTTOM,20,intraday,2740,0.39744525547445253,0.15549321901363625,-0.1520600040794286,2.3814379004487827,0.6744379996998477,-0.186802884055585,-0.23878526117691143,141.02481751824817,0.541970802919708,0.25985401459854013,0.35,0.10802919708029197,-0.19865803681056507,0.5745486890526315,0.027007722642645504,-0.45046708041172767,0.9670646375237304,0.3948948948948949,0.39985795454545453,0.09166373077946086,0.21587736555335327
A_S_FBD,5,close,6725,0.14944237918215614,0.052483162341171,-0.062025114307887375,1.891022044416474,0.7453398900429146,-0.06925128020083113,-0.1107567775925852,52.62334572490706,0.8649814126394052,0.7549442379182156,0.09486988847583643,0.04014869888475837,-0.06725352582377486,0.8195628044727681,0.15292551598810844,-0.48723914943692603,0.9754603559232932,0.16175668303327878,0.13468453743053285,0.03371226112022254,0.07497878962982647
A_S_FBD,5,intraday,7329,0.12402783462955383,0.04427392230125442,-0.05743945931117034,1.8882832915550851,0.7588300034265908,-0.05689920507303386,-0.06570753422949338,42.976258698321736,0.8890708145722472,0.8022922636103151,0.07790967389821259,0.033019511529540184,-0.05504075526267669,0.84025724211254,0.28014247430040506,-0.40091885939144334,0.8949193782203874,0.13637509452987143,0.10945865556216537,0.029686649932118253,0.06148620947804299
A_S_FBD,7,close,5964,0.1805835010060362,0.06630997545326191,-0.07952846344037251,1.9367978137417754,0.7591703120084928,-0.08638300233883625,-0.1308990895511146,68.04258886653253,0.8224346076458753,0.6730382293762576,0.12826961770623743,0.04929577464788732,-0.08519104811165308,0.7680215151944403,0.17976768858241954,-0.433134636536074,0.9765790006549647,0.1957849725106903,0.1620817843866171,0.04231280428057341,0.09551694140842254
A_S_FBD,7,intraday,6395,0.15465207193119623,0.05720590455161851,-0.07728283911514577,1.8987665878295947,0.7814654402153697,-0.07529366643829086,-0.08933318487460441,58.276465989053946,0.8503518373729476,0.7225957779515246,0.10742767787333854,0.04222048475371384,-0.07414033193024669,0.8035599630556759,0.07214409597888194,-0.400998323612925,0.9906985239251882,0.17017594462070953,0.1362704918032787,0.03804629433438026,0.07989250585734428
A_S_FBD,10,close,5283,0.23376869203104297,0.07910218579661599,-0.10670099658677357,1.9049863339990336,0.7122820186346923,-0.11407397367843941,-0.1622697587435318,89.87620670073822,0.7527919742570509,0.5536626916524702,0.1819042210865039,0.0653038046564452,-0.11465209910973444,0.6691181054540093,0.1225953630023513,-0.3739693369830609,0.9778469997642241,0.2522245037645448,0.21092757306226176,0.05277030630987592,0.11169081428465259
A_S_FBD,10,intraday,5527,0.21150714673421386,0.07319194718855836,-0.1070479088211087,1.9003639147646874,0.7303935830815618,-0.10309733972262129,-0.1229792174411215,80.53736204089017,0.7823412339424642,0.6046679934865207,0.16084675230685724,0.056812013750678486,-0.10285302040765328,0.7059587301362052,0.17435687674293798,-0.4286803645729921,0.9681273205177592,0.231024196221412,0.18804780876494023,0.05093958350523624,0.09993911102624077
A_S_FBD,15,close,4651,0.31391098688454094,0.10322617241934301,-0.14317002945797508,1.9662300364982146,0.6691709823573486,-0.15571441752408793,-0.2135111145061634,123.75059127069447,0.6385723500322511,0.3702429585035476,0.2724145345087078,0.08901311545904107,-0.16215880971817132,0.5721098112940709,0.11666981949746669,-0.3365500212585013,0.9810556208544543,0.32927756653992396,0.2939139040079169,0.06733199860970852,0.1499365519934839
A_S_FBD,15,intraday,4782,0.2963195315767461,0.09792463930893652,-0.15600280428692048,1.9492558749077655,0.6786053203859839,-0.1465997366453506,-0.17465489781258736,114.56754496026767,0.6681304893350063,0.41948975324132165,0.2490589711417817,0.08281053952321205,-0.1508997916012372,0.5988660739390594,0.11605371102165885,-0.4226581873693934,0.9753043092779885,0.31509928812289245,0.2725982016090866,0.06601126834382345,0.13823547087821564
A_S_FBD,20,close,4340,0.3716589861751152,0.12029742608089714,-0.14998612451313298,2.012100230493647,0.6434840467022899,-0.18916352700392375,-0.2642201952689736,150.25875576036867,0.5271889400921659,0.22972350230414745,0.3631336405529954,0.10967741935483871,-0.21065993851121056,0.4893181133064051,0.15976453211480535,-0.3360870734657557,0.975535829901231,0.3819416699960048,0.35764833968426785,0.0766118265041636,0.17982113633705613
A_S_FBD,20,intraday,4415,0.3583238958097395,0.11479835862627859,-0.16869154430683098,1.9803878366373562,0.6471608595756129,-0.18248278380289432,-0.2235890333156351,143.46364665911665,0.5537938844847112,0.2627406568516421,0.3404303510758777,0.1057757644394111,-0.19960569608761916,0.5050104975986035,0.03579434976826379,-0.41703581544637924,0.9780408749032635,0.37252573238321457,0.3393329804129169,0.0722910123572196,0.17163983913217748
A_S_GAP_BOTTOM,5,close,83,0.0963855421686747,0.004179723982955632,-0.06530421350177029,1.0638680506555447,0.722336921809694,-0.07242371045189647,-0.12290745561802187,38.08433734939759,0.9156626506024096,0.8313253012048193,0.060240963855421686,0.024096385542168676,-0.06974270027662532,0.8067660445155488,-0.0011227353168674625,-0.2593565201516569,0.3153336911883159,0.06521739130434782,0.13513513513513514,-0.010581325345808098,0.022531298824121346
A_S_GAP_BOTTOM,5,intraday,91,0.06593406593406594,-0.010963248821064663,-0.05743945931117034,0.7951446244605972,0.6453988326157194,-0.05729468986366118,-0.06422624899470547,29.747252747252748,0.945054945054945,0.8681318681318682,0.04395604395604396,0.01098901098901099,-0.055885508997712115,0.7616996262172718,-0.024331028288268164,-0.4794608481486061,0.7636754502122689,0.0625,0.06976744186046512,-0.007150706607337844,-0.015219109896852738
A_S_GAP_BOTTOM,7,close,80,0.125,0.014086926607051253,-0.0795344954179158,1.18687851540459,0.7157364452213418,-0.086148718909276,-0.12568092544442655,46.5125,0.8875,0.8125,0.0875,0.025,-0.08308559522226208,0.7806701543716343,0.009312334169886416,-0.27258153592308343,0.36021147574167584,0.09302325581395349,0.16216216216216217,-0.0025523204252360667,0.03342442991484462
A_S_GAP_BOTTOM,7,intraday,84,0.11904761904761904,0.014907878565843746,-0.07728283911514577,1.2224629958508906,0.6881340895320014,-0.07606863642958296,-0.08810095795797898,44.166666666666664,0.8928571428571429,0.8095238095238095,0.08333333333333333,0.023809523809523808,-0.07465123627281257,0.7612338355546462,0.004613602951536455,-0.5203216531759709,0.7288998466550032,0.13636363636363635,0.1,0.021780848058606857,0.0073476121238043035
A_S_GAP_BOTTOM,10,close,79,0.189873417721519,0.03126666047616736,-0.10857824659519422,1.3238236629355504,0.6731919105403665,-0.11918457000762933,-0.1624236574566963,66.15189873417721,0.8227848101265823,0.6582278481012658,0.11392405063291139,0.06329113924050633,-0.11567413626933784,0.7134917882231558,0.02959642607212354,-0.3361433237987942,0.4888690769867355,0.11627906976744186,0.2777777777777778,-0.007180701145187176,0.07718989796834085
A_S_GAP_BOTTOM,10,intraday,80,0.15,0.01364521187336079,-0.1070479088211087,1.1538542156122642,0.6822296106888871,-0.10434027027055562,-0.12440721133652602,54.5,0.8625,0.7375,0.1,0.0375,-0.10173411471373268,0.7373882604651288,-0.04886144830239436,-0.42160878823378745,0.5376798916454939,0.09302325581395349,0.21621621621621623,-0.01578249298847132,0.04784497698305756
A_S_GAP_BOTTOM,15,close,76,0.3157894736842105,0.05425807926291388,-0.1567191396367859,1.4676158659047498,0.5392497175319714,-0.16958421532280502,-0.2254444918351908,97.69736842105263,0.6447368421052632,0.5131578947368421,0.23684210526315788,0.11842105263157894,-0.17328234049794355,0.46720180401409955,0.03363523830649284,-0.40573884107669766,0.6419101324030246,0.25,0.3888888888888889,0.03606274257245447,0.074475120030091
A_S_GAP_BOTTOM,15,intraday,78,0.2948717948717949,0.052799318883442796,-0.15665635833104707,1.4843700813741407,0.5487315980917615,-0.15459054333094507,-0.17464955830391385,90.65384615384616,0.7051282051282052,0.5384615384615384,0.19230769230769232,0.10256410256410256,-0.15078012232275703,0.5396197217678338,0.04781293955808663,-0.38623773139385864,0.6432281850450581,0.2619047619047619,0.3333333333333333,0.03813443692882538,0.06990834783049645
A_S_GAP_BOTTOM,20,close,76,0.3684210526315789,0.12126541561151673,-0.19405113441892896,1.9126953533419955,0.6897829952829405,-0.21036983919681385,-0.25731769765976537,113.14473684210526,0.5921052631578947,0.42105263157894735,0.27631578947368424,0.13157894736842105,-0.2171157282013431,0.6124638501785713,0.1056285218212647,-0.43878968969044674,0.6936345419470903,0.3,0.4444444444444444,0.024043061424069687,0.22929025359756905
A_S_GAP_BOTTOM,20,intraday,76,0.3684210526315789,0.12715778176321635,-0.2013652078893865,2.0014568972532905,0.6897829952829405,-0.20104025945662274,-0.2335422388198699,111.0,0.5921052631578947,0.42105263157894735,0.27631578947368424,0.13157894736842105,-0.20716417647847263,0.6124638501785713,0.10286719513367437,-0.44264990986724895,0.6881385773016895,0.3,0.4444444444444444,0.03626496254628109,0.22814980311536667
A_S_KDJ_LOW,5,close,5651,0.16421872235002655,0.08124322114425732,-0.0626614013648481,2.324113982082146,0.8683534158760138,-0.07341234961819662,-0.12462990979735694,55.66643072022651,0.8494071845691028,0.7250044239957529,0.10422933993983366,0.04636347549106353,-0.07062394021351624,0.9378382558297015,0.19382105697493257,-0.44193698918238855,0.9727369358582475,0.13883605933815138,0.18630046326935804,0.030146675244025943,0.12569484893105687
A_S_KDJ_LOW,5,intraday,5898,0.13207867073584265,0.06809017952749503,-0.05743945931117034,2.3403709100370333,0.9001429560728146,-0.05853008086101913,-0.07457280187621983,44.953882672092234,0.8775856222448287,0.7775517124448966,0.08189216683621567,0.04052221091895558,-0.05668547820998751,0.9626037590970375,0.10839977280477786,-0.3806926300962381,0.9394279011043022,0.11192930780559647,0.1492771841609051,0.026336219298590795,0.10372932345637748
A_S_KDJ_LOW,7,close,5265,0.1990503323836657,0.10360096878910581,-0.08091488631140886,2.4114881374696973,0.8892191495861244,-0.09163921462926637,-0.14949464096870027,71.23057929724597,0.80664767331434,0.6402659069325736,0.1382716049382716,0.055080721747388414,-0.089329121353527,0.9084871110639208,0.21907591018559547,-0.39150681397637044,0.9731988024890734,0.1774061990212072,0.21791681478848204,0.038970591662380434,0.15993715247724324
A_S_KDJ_LOW,7,intraday,5486,0.17335034633612834,0.0904384320549714,-0.07728283911514577,2.4171500976974545,0.8898485133208602,-0.07719971288083023,-0.09875896932606529,61.59168793292016,0.8335763762304047,0.6901203062340503,0.11666059059423989,0.04976303317535545,-0.07514418338868088,0.9198023974698912,0.1242729795262214,-0.479254514315817,0.9820997031847086,0.1524822695035461,0.19131614654002713,0.03750468047879912,0.1360102982355431
A_S_KDJ_LOW,10,close,4835,0.24715615305067218,0.1212508622604511,-0.10687591500981264,2.3657565058030294,0.8497871780059559,-0.11792520843072424,-0.17964446339969273,90.94084798345398,0.7416752843846949,0.5230610134436401,0.18386763185108584,0.07445708376421924,-0.11743607329453012,0.8065441776328793,0.3069749134123658,-0.3988804933136698,0.9587824712169994,0.22502210433244915,0.266614846482705,0.04650255445768868,0.18696429881305457
A_S_KDJ_LOW,10,intraday,5002,0.22411035585765693,0.11422109839954941,-0.1070479088211087,2.4004311412995833,0.8735985404219131,-0.10511982211244997,-0.13094406287973528,82.70711715313874,0.7698920431827269,0.5729708116753298,0.16453418632546982,0.06557377049180328,-0.10398648493104906,0.8442970353292928,0.1270553067371314,-0.4266225157691753,0.9708885730092632,0.2012012012012012,0.24410333208536128,0.044058947775125125,0.17545208795609493
A_S_KDJ_LOW,15,close,4285,0.3208868144690782,0.14405871942749543,-0.14268893079912282,2.330152459714538,0.7864490525390756,-0.15947623178502102,-0.23105376845764408,120.64084014002334,0.6317386231038506,0.36102683780630107,0.2676779463243874,0.10058343057176196,-0.16514552092568502,0.6744870328850743,0.1597879784292553,-0.42983841668010114,0.9682715651739666,0.303,0.33654266958424506,0.05466557301448709,0.2223021736183123
A_S_KDJ_LOW,15,intraday,4424,0.3022151898734177,0.1378860400137719,-0.15665635833104707,2.32431756868644,0.8007691521356016,-0.14921299494148765,-0.18636137391781288,111.77757685352623,0.6625226039783002,0.40822784810126583,0.24344484629294755,0.09403254972875226,-0.1526884932255064,0.7083307532919534,0.17517096462357773,-0.43127020186391796,0.9722712402786855,0.2835676199709161,0.3185091063108852,0.05132339269731646,0.2135229487023986
A_S_KDJ_LOW,20,close,3888,0.3819444444444444,0.16286788612964093,-0.15102957554901542,2.360557325178311,0.7398317563970772,-0.19368282021540395,-0.27733925249069186,144.58513374485597,0.5300925925925926,0.22890946502057613,0.34516460905349794,0.12474279835390946,-0.2114348244464689,0.5851108453509668,0.11833576322929962,-0.4103405188994198,0.9553940293714912,0.36697750959956116,0.3951573849878935,0.06822232702061123,0.24642181070870206
A_S_KDJ_LOW,20,intraday,3986,0.3665328650275966,0.15625741434650522,-0.17305955210048302,2.324201859685709,0.7482510981714838,-0.18627833696767052,-0.23237929526352194,137.50602107375815,0.5609633718013045,0.26693426994480685,0.32137481184144506,0.11766181635725037,-0.19994644259251113,0.6113841709840142,0.09647743167881107,-0.4139934369229643,0.9594130291893525,0.3528778913394298,0.37846732487070994,0.06604227412397275,0.23510553172952736
A_S_LIMIT_OPEN,5,close,246,0.1016260162601626,0.040214960340122126,-0.07354126374872999,1.5347365723596913,1.1357341839504647,-0.08371255364294831,-0.14745951146052833,25.821138211382113,0.9105691056910569,0.8699186991869918,0.032520325203252036,0.056910569105691054,-0.08226071573381429,1.2872400258202017,0.1980634590156667,-0.3908877865970818,0.5505160361730081,0.11688311688311688,0.09467455621301775,0.12225960898139636,0.0028336707225001365
A_S_LIMIT_OPEN,5,intraday,248,0.06854838709677419,-0.003402721419368376,-0.05743945931117034,0.9385117936145798,0.7576647178832067,-0.05941201348925484,-0.06351144819902244,17.318548387096776,0.9354838709677419,0.9153225806451613,0.024193548387096774,0.04032258064516129,-0.05906225896950585,0.8036605730576251,0.10266602765955879,-0.34204644648657523,0.8720661508180132,0.08974358974358974,0.058823529411764705,0.003536537991106686,-0.006586616913586353
A_S_LIMIT_OPEN,7,close,246,0.11382113821138211,0.04191190562332553,-0.0861340523518902,1.494923430860717,1.1122320802579846,-0.09556041038479583,-0.15378722397687722,30.914634146341463,0.8861788617886179,0.8373983739837398,0.036585365853658534,0.07723577235772358,-0.09556041038479583,1.1122320802579846,0.18982824330199133,-0.35819049104853806,0.5524537037170549,0.11688311688311688,0.11242603550295859,0.11463748791805464,0.008776581145845399
A_S_LIMIT_OPEN,7,intraday,246,0.1016260162601626,0.04940626168655602,-0.07728283911514577,1.6914500535845074,1.1892562878144473,-0.07953604896139549,-0.09545788546522951,25.96747967479675,0.9024390243902439,0.8658536585365854,0.032520325203252036,0.06504065040650407,-0.0791767833893264,1.2387994286384685,0.22581391338752832,-0.2626114090307793,0.7172370120388623,0.11688311688311688,0.09467455621301775,0.12216335276905585,0.016256581134174424
A_S_LIMIT_OPEN,10,close,244,0.15163934426229508,0.05109840432018711,-0.1143909608533637,1.4816934723201287,1.0365327947047567,-0.12504204227029153,-0.1911040132354318,39.15163934426229,0.8442622950819673,0.7745901639344263,0.045081967213114756,0.11065573770491803,-0.12539728432983024,1.007890821738702,0.1536401083062886,-0.38800771202840545,0.6263480496065099,0.12987012987012986,0.16167664670658682,0.09568404972691474,0.030540951048821673
A_S_LIMIT_OPEN,10,intraday,245,0.11428571428571428,0.046150503798231955,-0.1070479088211087,1.4711815327497133,1.2608473310483037,-0.11058457068564832,-0.1376634933203338,31.379591836734694,0.8816326530612245,0.8285714285714286,0.036734693877551024,0.08163265306122448,-0.11085643361472394,1.2155814859085239,0.18794192745920824,-0.35814959815757963,0.6107066928524422,0.1038961038961039,0.11904761904761904,0.09606710633376708,0.023272060969445015
A_S_LIMIT_OPEN,15,close,239,0.2175732217573222,0.056720927794788996,-0.1598228551082772,1.4229400560901626,0.8770930503093626,-0.1714039404980336,-0.24570502623357066,61.20502092050209,0.7782426778242678,0.6276150627615062,0.07112970711297072,0.1506276150627615,-0.17204663814584387,0.8595655931713497,0.10123483733417094,-0.45842330198651293,0.7212622042070782,0.2,0.22560975609756098,0.11547505732074159,0.029851661243286306
A_S_LIMIT_OPEN,15,intraday,241,0.1908713692946058,0.05033769323184485,-0.15665635833104707,1.395965337136803,0.9297581325908308,-0.15711533348873646,-0.17934958523452948,52.97925311203319,0.8049792531120332,0.6846473029045643,0.06224066390041494,0.13278008298755187,-0.15765787552731075,0.9088725940675084,0.1308416998751094,-0.4530205571726499,0.6828601814812508,0.18666666666666668,0.1927710843373494,0.1171728591911802,0.02014108210563916
A_S_LIMIT_OPEN,20,close,236,0.2796610169491525,0.07933616614176883,-0.20685646504559668,1.5090073701895084,0.8410204716884879,-0.2163765642469574,-0.28216385859698745,83.23728813559322,0.6864406779661016,0.4491525423728814,0.09322033898305085,0.22033898305084745,-0.22388342896704616,0.7431412257043096,0.06969613233692518,-0.4198171057945992,0.7766179998105995,0.22972972972972974,0.30246913580246915,0.14655436940505356,0.048631554774589414
A_S_LIMIT_OPEN,20,intraday,238,0.2647058823529412,0.07959963907043174,-0.20626480784098544,1.529828575711639,0.8682702027815604,-0.20432176386557457,-0.22569505864013412,74.76470588235294,0.7226890756302521,0.5252100840336135,0.08403361344537816,0.19327731092436976,-0.20671160483088433,0.8257440928738614,0.06606869079569377,-0.4636123757258258,0.7492265142214001,0.22972972972972974,0.2804878048780488,0.1539422693295413,0.04605479370961399
A_S_NBREAK,5,close,5581,0.12255868123992116,0.06125451196626635,-0.06465802626772477,1.9648710851056475,1.0177913947759396,-0.07235202833224628,-0.1175532275408604,42.285791076867945,0.8919548468016485,0.8084572657229887,0.07973481454936392,0.028310338648987635,-0.07016646850835385,1.1461859229159503,0.3946969725627796,-0.43211296682765343,0.9585340487892806,0.12590639419907712,0.11857086768747546,0.03342038739489708,0.09441066977919703
A_S_NBREAK,5,intraday,6696,0.09169653524492234,0.0430538783402123,-0.05743945931117034,1.8193290485551576,1.0425868772052072,-0.05785260987141328,-0.0652148895660748,31.149342891278376,0.9183094384707288,0.8588709677419355,0.06063321385902031,0.021057347670250897,-0.05641956367391641,1.1612663005429134,0.21390977684467782,-0.3052493671788037,0.945020617448509,0.09698155394074902,0.08563181526619627,0.02554497810481387,0.06314587482586194
A_S_NBREAK,7,close,4938,0.15066828675577157,0.07576262992926108,-0.08182791889794594,1.9988867551613247,1.0062482256756942,-0.08930205372246669,-0.13455119690926107,55.05872823005265,0.8578371810449574,0.7458485216686918,0.10692588092345079,0.03523693803159174,-0.08749766296904544,1.0609059357942558,0.35071642176712636,-0.398828591263543,0.9700761066804119,0.15744203440538518,0.14266784452296818,0.0447432933573102,0.11239942586274015
A_S_NBREAK,7,intraday,5551,0.12322104125382814,0.06010485800932861,-0.07728283911514577,1.892958840830017,1.0340330757114786,-0.0767693768187525,-0.0872112439434583,44.12970635921456,0.8838047198702936,0.797694109169519,0.08683120158529994,0.029364078544406414,-0.07525935355349668,1.0897123338654848,0.06772802788800614,-0.3743606837580511,0.9743337947737203,0.13052276559865092,0.1148491879350348,0.03717912408214866,0.08639055062111847
A_S_NBREAK,10,close,4324,0.20189639222941722,0.09631935540337241,-0.10887605620167845,2.036101758228721,0.937523315964633,-0.11648013969079751,-0.16176957628710217,75.89847363552266,0.7967160037002775,0.635522664199815,0.15333024976873266,0.04995374653098982,-0.11537812769014538,0.9260097186083426,0.08873178438395368,-0.4948646253758401,0.9586438115276008,0.20959595959595959,0.19250513347022588,0.052868219989453985,0.149317249522197
A_S_NBREAK,10,intraday,4611,0.17783561049663849,0.08458707957596963,-0.1070479088211087,1.9770276195279166,0.9624788533072841,-0.10530246261861699,-0.12125736420837752,65.75862068965517,0.8254174799392756,0.6885708089351551,0.13315983517675126,0.041422684883973104,-0.1036726577047973,0.9746697629183286,0.11872589766715591,-0.37056958884668856,0.9602658603735881,0.18950320512820512,0.16406619385342788,0.05111136294541084,0.12409317352862909
A_S_NBREAK,15,close,3764,0.288788522848034,0.12788060791731148,-0.15018262843409985,2.1334564950251664,0.833496342883184,-0.15863575514130018,-0.20460805308203553,109.94766206163656,0.6875664187035069,0.4436769394261424,0.2359192348565356,0.0765143464399575,-0.16083170284228313,0.7632440945209092,0.1204779102814284,-0.5172560806954996,0.9727971682358137,0.2931611669057867,0.28332337118948,0.07228112138472859,0.19737165773179494
A_S_NBREAK,15,intraday,3881,0.2679721721205875,0.11817536968533755,-0.15665635833104707,2.078072206360716,0.8500609325355999,-0.14974472371989747,-0.17062378586297167,100.97217212058747,0.7137335738211801,0.4954908528729709,0.21772738984797732,0.06853903633084257,-0.15121809281581947,0.7898404382075743,0.1548444953051158,-0.43945726905131866,0.9680665702554571,0.27395348837209305,0.2605430387059503,0.06467953805081596,0.18462022122446026
A_S_NBREAK,20,close,3475,0.3545323741007194,0.14875212786158987,-0.1764731686612082,2.1808801281331083,0.7748778896937052,-0.1951564493016585,-0.2597296013392433,140.00920863309352,0.5729496402877697,0.28028776978417264,0.3289208633093525,0.0981294964028777,-0.20893861228666977,0.6286458365106363,0.15351329295705196,-0.35617356806922384,0.954901109607052,0.3633111905978539,0.3432147562582345,0.09075645090763038,0.22351994064083805
A_S_NBREAK,20,intraday,3539,0.3430347555806725,0.14329051056762834,-0.1857310695960156,2.1578574246495505,0.7784791179650407,-0.18837356228418176,-0.2219807014134669,132.12291607798812,0.5990392766318169,0.3221248940378638,0.3071489121220684,0.09381181124611472,-0.19848598587316701,0.6539079682522557,0.07949164754516436,-0.3993702937578285,0.9714249770926374,0.3517486061834769,0.33205619412515963,0.0854841042392982,0.21612067639508395
A_S_RSI_HOT,5,close,1960,0.20357142857142857,0.1023000080298499,-0.05940473352243614,2.8750909568552223,0.7705274105416374,-0.06850251189468773,-0.11594805837611206,66.88673469387756,0.8183673469387756,0.7,0.15255102040816326,0.029081632653061223,-0.06499484701917783,0.8560667144867051,0.27949106516818834,-0.33159268856654556,0.91534227613482,0.21852152721364745,0.17832647462277093,0.07205692105527252,0.15336892444371097
A_S_RSI_HOT,5,intraday,1994,0.17803410230692077,0.09416097682294626,-0.05743945931117034,3.0101638994404905,0.7920022765031397,-0.056988297970506224,-0.06873186827794209,56.30441323971916,0.8495486459378134,0.7517552657973922,0.1283851554663992,0.022066198595787363,-0.05363430720462468,0.9287116806319636,0.1350151661336656,-0.4181166184747521,0.9202730494556477,0.20416333066453163,0.1342281879194631,0.06767993690581277,0.1385567068316708
A_S_RSI_HOT,7,close,1919,0.242313705054716,0.11894151564612335,-0.075641120642155,2.8370959011068164,0.7580496966599463,-0.08545002780052569,-0.1354574995781978,84.32829598749349,0.7623762376237624,0.6117769671704012,0.19854090672225116,0.03908285565398645,-0.08328263897595489,0.767744011725291,0.29907288918955577,-0.3046328052426621,0.9230415823106674,0.25873544093178036,0.21478382147838215,0.08845942810021276,0.17004258849156895
A_S_RSI_HOT,7,intraday,1937,0.22096024780588538,0.11045449204368399,-0.07728283911514577,2.895832123669814,0.7635592419122267,-0.07478661660027645,-0.09559349424854147,75.15229736706247,0.7883324728962313,0.6556530717604543,0.17759421786267424,0.034073309241094474,-0.07226270856166112,0.7909646513713962,0.2763050078594711,-0.38626291242042865,0.9276044992246908,0.24545454545454545,0.18019257221458046,0.08317520224803636,0.1558574365453809
A_S_RSI_HOT,10,close,1862,0.2905477980665951,0.129178579805966,-0.10093447249440396,2.6223117068786297,0.7186590993221119,-0.11223622795954113,-0.17122835524695026,105.66058002148228,0.692266380236305,0.5010741138560687,0.2534908700322234,0.054242749731471536,-0.11283781090540233,0.6736098671130407,0.3302784146063582,-0.3172168087126179,0.9369096678837926,0.3098712446351931,0.2582496413199426,0.09361026638114742,0.1886292041100028
A_S_RSI_HOT,10,intraday,1886,0.2672322375397667,0.1214775336253705,-0.1070479088211087,2.6444723413111855,0.7310036970726224,-0.10080986606885159,-0.12720296474765966,95.90615058324497,0.7205726405090138,0.5530222693531283,0.23064687168610817,0.04878048780487805,-0.10053479164019181,0.69399129080924,0.21944930628898063,-0.37902650666681603,0.9267458230673228,0.293015332197615,0.2247191011235955,0.0903489830893351,0.17280466611035028
A_S_RSI_HOT,15,close,1782,0.37485970819304154,0.15754773291623636,-0.11703613815681546,2.6690671434528874,0.6720925580603557,-0.15099440639819064,-0.21769006106759503,139.31649831649833,0.5751964085297419,0.33052749719416386,0.35353535353535354,0.0712682379349046,-0.15766376169205287,0.5843532573197986,0.15550215970732495,-0.37089262541253365,0.9538447235454759,0.39838854073410923,0.33533834586466166,0.11461451073048735,0.22966263394102085
A_S_RSI_HOT,15,intraday,1802,0.3584905660377358,0.15341457901044234,-0.12633289149458632,2.667656624484954,0.6845610665822832,-0.14340257580911578,-0.1771369658965733,131.4517203107658,0.6032186459489456,0.3645948945615982,0.32852386237513875,0.06825749167591565,-0.14796384026637874,0.6115940779669522,0.23827377978120046,-0.3944565477823685,0.948637332573811,0.38222222222222224,0.3190546528803545,0.1105727295347973,0.22460672178754817
A_S_RSI_HOT,20,close,1731,0.43038705950317735,0.17545405434760541,-0.07299810275353202,2.735532413404034,0.6425594859496883,-0.177480577035307,-0.2557989995572002,164.89196995956095,0.4581166955517042,0.2045060658578856,0.45291738879260546,0.08896591565569036,-0.20232540356605008,0.4948347687671457,0.24472813339398547,-0.43541837779620585,0.9578887399491276,0.4530386740331492,0.3922480620155039,0.12951222568447696,0.25280727284087295
A_S_RSI_HOT,20,intraday,1744,0.4180045871559633,0.16897312314447538,-0.09606949578155555,2.65682838418528,0.6482201989513322,-0.17523487514439018,-0.22383970087679583,157.9822247706422,0.4896788990825688,0.23509174311926606,0.4243119266055046,0.0860091743119266,-0.19429743883135317,0.5175495949729672,0.3817368182985621,-0.41459162447847375,0.9475320319890739,0.44087992667277726,0.37978560490045943,0.12364929387012133,0.24469792825675757
A_S_RSI_OS,5,close,7065,0.18627034677990092,0.05428617773385955,-0.06146176602819242,1.8986063425891557,0.615759312833851,-0.07424028700637156,-0.14152024852025752,61.98995046001416,0.8307147912243453,0.6873319179051663,0.11790516631280963,0.05138004246284501,-0.07123435198993625,0.6702393457513826,0.15613599057360017,-0.3654795511051767,0.975644403629278,0.18335176991150443,0.1893302406494636,0.034694171473231505,0.07482682564294364
A_S_RSI_OS,5,intraday,7410,0.15870445344129555,0.05125758768272244,-0.05743945931117034,2.035753010925389,0.6348014803571084,-0.058823839616776744,-0.0867254085944173,52.4693657219973,0.858029689608637,0.7346828609986504,0.09689608636977058,0.04507422402159244,-0.05645147126851683,0.702221653093349,0.2622130121060857,-0.33649025820694134,0.9975155472088847,0.15950106157112526,0.15788028555738606,0.03137020323885365,0.07183300354886675
A_S_RSI_OS,7,close,6549,0.2160635211482669,0.06326574932171598,-0.07960493675178104,1.8783359395481474,0.6261809073172832,-0.09188129948306152,-0.16522778102462993,77.00855092380516,0.7876011604825164,0.5987173614292258,0.1491830813864712,0.06321575813101236,-0.08994345603335081,0.6313844274104539,0.2780395167364269,-0.3950335011902594,0.9695879191183526,0.21912470023980815,0.21288515406162464,0.043113214565680874,0.08418976299931734
A_S_RSI_OS,7,intraday,6794,0.19384751251103916,0.06308863355476951,-0.07728283911514577,2.0212199109978126,0.6441472880335807,-0.07663279203379984,-0.10158176939775336,68.64718869590816,0.8115984692375625,0.6449808654695319,0.1315866941418899,0.056814836620547544,-0.07477501619252921,0.6569793872318048,0.14001367744247273,-0.29321828564925856,0.8807366489151399,0.19611256164780969,0.1915147893636092,0.04094786285874739,0.08589091517687535
A_S_RSI_OS,10,close,5936,0.2622978436657682,0.07443740427280061,-0.10587603751903713,1.8513477757941228,0.6171311993743355,-0.11852314356302718,-0.19454082939957104,96.66880053908356,0.7255727762803235,0.4868598382749326,0.19440700808625336,0.08002021563342318,-0.11844524091251878,0.5844101193207875,0.18563633738567598,-0.3720612697076614,0.9659731725004441,0.2732712765957447,0.2510245901639344,0.049140690956094135,0.1004252846200182
A_S_RSI_OS,10,intraday,6150,0.24032520325203252,0.07215862386696224,-0.1070479088211087,1.9059707068061735,0.631671074148254,-0.10484467269034707,-0.1397144555326955,88.56796747967479,0.7508943089430894,0.5305691056910569,0.17609756097560975,0.07300813008130082,-0.10437679317042012,0.6042999788791239,0.17956436990910207,-0.37454949627053136,0.9662653349433935,0.24799229039511725,0.2324662495884096,0.04687569708970975,0.09807424818622038
A_S_RSI_OS,15,close,5161,0.33927533423755085,0.09456820053399616,-0.13422196396668007,1.9135701124934945,0.5838420007879568,-0.15666887402456253,-0.2404532241995221,127.42239875993025,0.61015307111025,0.31602402635148225,0.2852160434024414,0.10463088548730866,-0.1642238824078119,0.49960610768297903,0.10588297192031604,-0.32843018736023544,0.9785199250049185,0.3564692568841946,0.3211155378486056,0.06650392358916145,0.12420899662194708
A_S_RSI_OS,15,intraday,5341,0.32128814828683766,0.08795008613446591,-0.15133557825742594,1.8804632246023893,0.5846489676341113,-0.1471768878388835,-0.188450302281307,118.9101291892904,0.6403295263059352,0.3617300131061599,0.2608125819134993,0.09885789178056544,-0.15200704491277672,0.5151512252190936,0.09612646390666768,-0.3527555253990955,0.9738851721450871,0.33774347666299154,0.30419847328244276,0.06257261839603609,0.1143058455681558
A_S_RSI_OS,20,close,4676,0.40055603079555174,0.10714926712427299,-0.11929114402433871,1.9515503859965482,0.5486228713962045,-0.18784897076417778,-0.2757006370486083,152.1024379811805,0.5014970059880239,0.1894781864841745,0.3661248930710009,0.13237810094097519,-0.21033256797019798,0.42653790002711917,0.017290959353018387,-0.3612730007650087,0.980595231200916,0.41086235489220563,0.38957597173144876,0.07586791060830815,0.14047551797078678
A_S_RSI_OS,20,intraday,4778,0.3865634156550858,0.10417615104270844,-0.14617445780855104,1.935445447859732,0.5575836450145453,-0.18154327624012426,-0.2371952376519136,145.6758057764755,0.528673084972792,0.22729175387191294,0.34596065299288403,0.125366262034324,-0.1996859332006612,0.4450090217348717,0.0672453053075488,-0.3424120049181357,0.960814445623253,0.3986954749286588,0.37376344086021507,0.07483836021975204,0.1351290976615093
A_S_THUNDER,5,close,2170,0.19447004608294932,0.05274617963333151,-0.05902432313469652,1.996238879819532,0.5434846912514709,-0.06572730543695156,-0.10861655434406653,65.63041474654378,0.8304147465437788,0.7018433179723502,0.14147465437788018,0.028110599078341014,-0.06267828744621913,0.6179496841913485,0.25725507720026863,-0.44166570054585685,0.9444148646693536,0.21437578814627994,0.1404109589041096,0.058891107554149176,0.0360580705880972
A_S_THUNDER,5,intraday,2513,0.15519299641862316,0.043510253911008906,-0.05743945931117034,1.938942668060198,0.5789557772684569,-0.05485232456727876,-0.06284974833464742,52.79745324313569,0.8678869876641464,0.7568643056108237,0.10903302825308396,0.023079984082769598,-0.05262602992432514,0.6750561426003571,0.016311167968114937,-0.396097746634439,0.9807841724366898,0.17304492512479203,0.10985915492957747,0.04827282915273739,0.03141599593799982
A_S_THUNDER,7,close,1812,0.2433774834437086,0.07462281809831778,-0.07542830845484871,2.203210263313458,0.5614429955989075,-0.08196923024432269,-0.1255304197292508,87.38907284768212,0.7643487858719646,0.5894039735099338,0.19481236203090507,0.04083885209713024,-0.08021409318435352,0.5768455865444531,0.09226655657121174,-0.39256655727857925,0.9624815505097796,0.26716981132075474,0.17864476386036962,0.08335110467425001,0.05087542649028865
A_S_THUNDER,7,intraday,2017,0.2017848289538919,0.05926402889031607,-0.07728283911514577,2.029632556359123,0.5789456774116455,-0.07210890958681507,-0.08499089328530231,73.68765493306891,0.8051561725334655,0.6484878532473971,0.16013882002974714,0.03470500743678731,-0.07065849168882547,0.5961448772886005,0.07034966056120773,-0.43450722387617846,0.9263806572112657,0.22131147540983606,0.15009041591320071,0.0661814485956205,0.04095100457102908
A_S_THUNDER,10,close,1558,0.31322207958921694,0.09738815283280164,-0.09189556955593509,2.3421744685657067,0.5425803098950919,-0.10565275618252326,-0.15320464704170628,117.12772785622593,0.6630295250320924,0.43645699614890887,0.2830551989730424,0.05391527599486521,-0.10698188339310341,0.49951052887348724,0.16604184704747404,-0.32829055892572223,0.9532424184982702,0.34203655352480417,0.23227383863080683,0.11016917973177698,0.06148252958849191
A_S_THUNDER,10,intraday,1644,0.28588807785888076,0.09021077217270586,-0.1070479088211086,2.3016523949864203,0.557965143426314,-0.09705034749441145,-0.11426348508055398,105.96167883211679,0.7007299270072993,0.48418491484184917,0.25,0.04927007299270073,-0.09732257297237615,0.5293132388538736,0.028490177688084373,-0.366490310817825,0.9587424896914299,0.3139050791007494,0.20993227990970656,0.10244947583456308,0.057030900619905615
A_S_THUNDER,15,close,1386,0.4199134199134199,0.129031367816823,-0.07650247115341585,2.580326193761496,0.5017223170432272,-0.14075237901124565,-0.1991456732035203,157.33982683982683,0.49783549783549785,0.23953823953823955,0.4199134199134199,0.08225108225108226,-0.15424179008947145,0.40986251574116667,0.1189703236968136,-0.38740956565814577,0.9640295544562447,0.45666991236611487,0.3147632311977716,0.14611347661683685,0.08016416520508428
A_S_THUNDER,15,intraday,1406,0.4011379800853485,0.12379860853871888,-0.09680953886506388,2.5449494917635205,0.5083781329123682,-0.13380572845265667,-0.16225406768343453,149.0398293029872,0.531294452347084,0.27311522048364156,0.3918918918918919,0.07681365576102418,-0.14402373879065355,0.42738478980585276,0.20830395302654492,-0.4134345979258648,0.9688694861403557,0.43822393822393824,0.2972972972972973,0.14155362997164664,0.07408454852652115
A_S_THUNDER,20,close,1331,0.47783621337340343,0.1468158734944646,-0.017118778100597476,2.7278000064955226,0.48507959683187624,-0.16273193663876398,-0.2357145833793639,184.39969947407963,0.3749060856498873,0.12321562734785875,0.5199098422238918,0.10518407212622088,-0.19846340793920245,0.35390044252739716,0.16255078173549342,-0.403120538880271,0.9557435911475566,0.5181818181818182,0.36070381231671556,0.1621493615152675,0.10229929536955301
A_S_THUNDER,20,intraday,1345,0.46319702602230484,0.1400408765089238,-0.03090000709982388,2.6196252519241296,0.4890054358738521,-0.16107397180735095,-0.21401869533457973,176.3003717472119,0.40892193308550184,0.1591078066914498,0.48921933085501856,0.10185873605947955,-0.1907115526325919,0.36886331176406045,-0.033567705808489,-0.4778674024406213,0.9413781195226312,0.5045226130653266,0.3457142857142857,0.15836098363076592,0.08795942911968686
A_S_VOLROLL,5,close,3514,0.10216277746158224,0.01970025558598501,-0.06269462484667315,1.3171439079675735,0.8008589313664637,-0.06918594555670654,-0.10972092340713947,39.29908935685828,0.9058053500284576,0.8229937393284007,0.06346044393853159,0.030734206033010813,-0.06806625455390167,0.8636905932755901,-0.06749865393741472,-0.48254195975488723,0.946100995715057,0.09625,0.1071055381400209,-0.0008318736875175181,0.03686400001524522
A_S_VOLROLL,5,intraday,3962,0.08001009591115599,0.015592602935157738,-0.05743945931117034,1.2906200808039494,0.8654592570867587,-0.05831898262480315,-0.06848254405969745,31.08329126703685,0.9257950530035336,0.8634528016153458,0.05148914689550732,0.02271580010095911,-0.057504060034990055,0.9275604933246208,0.10394198738601945,-0.48500799646920345,0.9402428283089349,0.07787114845938375,0.08176389526871843,-0.0032129916752813114,0.031011981152720313
A_S_VOLROLL,7,close,3330,0.13303303303303304,0.036187648677846435,-0.08153499193028324,1.4747161716061075,0.8450361512986714,-0.08792731033186103,-0.129783802453653,53.634834834834834,0.8675675675675676,0.748048048048048,0.08978978978978978,0.04264264264264264,-0.0871590371742882,0.8442343049744835,0.04324458410750909,-0.47586188612981306,0.9572725056043507,0.1219350563286945,0.14222954420647996,0.0008643594397197889,0.06545884223102222
A_S_VOLROLL,7,intraday,3542,0.11095426312817618,0.026015092204657867,-0.07728283911514577,1.379028959392534,0.8530654819438163,-0.07720205710226155,-0.09169704799793355,44.62422360248447,0.8901750423489554,0.7939017504234895,0.07453416149068323,0.035290796160361376,-0.07667198443998019,0.8583347648538706,-0.08050999074872656,-0.4415384625629569,0.9206018802583573,0.10420590081607031,0.11646998460749101,-0.0005919714731285198,0.047762168879215965
A_S_VOLROLL,10,close,3094,0.1826115061409179,0.0602282643633404,-0.10862471452003719,1.6407326112382135,0.8445652165549717,-0.1149992476921249,-0.16093507116361308,76.03458306399483,0.806076276664512,0.6241111829347123,0.13445378151260504,0.059469941822882996,-0.11558132375989719,0.791010118995598,0.038600495952246794,-0.5226835468261064,0.9501405871663854,0.1745583038869258,0.1893984514592019,0.01053394026024114,0.102108829346
A_S_VOLROLL,10,intraday,3197,0.16421645292461684,0.048128781665744635,-0.1070479088211087,1.5475906350597384,0.8283011832402899,-0.10516108017057135,-0.12256089252952891,67.31623396934626,0.8270253362527369,0.6753206130747575,0.11917422583672192,0.053800437910541135,-0.10519697827637262,0.7812089069586162,0.08913640880102713,-0.4459215314432883,0.9603701276728333,0.15532646048109966,0.17164179104477612,0.007186888893321857,0.08232536833846284
A_S_VOLROLL,15,close,2846,0.2596626844694308,0.07695041821927294,-0.1520388674707635,1.6456500500319444,0.755338706454534,-0.1609845343226625,-0.23407409271755206,107.67779339423753,0.6988756148981026,0.45361911454673226,0.21609276177090653,0.08503162333099086,-0.1665601423724343,0.6421108674805397,0.05836402798645235,-0.3511230447590441,0.9528652842871995,0.2548113933795227,0.26373626373626374,0.0161405701058036,0.12801182267912858
A_S_VOLROLL,15,intraday,2884,0.2472260748959778,0.0764389844255856,-0.15665635833104707,1.679028649952643,0.7645231537164394,-0.14954167550273262,-0.18001307730675853,100.82732316227462,0.7180998613037448,0.48890429958391124,0.2007628294036061,0.0811373092926491,-0.1536771633536832,0.6626266130244364,0.008962917984134622,-0.44777529256396065,0.9632208048436308,0.24293353705118412,0.2507936507936508,0.0180562323275086,0.12496153839154293
A_S_VOLROLL,20,close,2605,0.3236084452975048,0.09593495417589355,-0.18507029299886113,1.7184984687959999,0.7090556598746318,-0.1974025911725948,-0.2876748191018507,137.51285988483684,0.5827255278310941,0.2871401151631478,0.3074856046065259,0.10978886756238004,-0.21648522972644432,0.532231034363335,0.0304201853096544,-0.4233060244263207,0.9447455924656686,0.3228215767634855,0.3242857142857143,0.027106970762212586,0.15517618275695466
A_S_VOLROLL,20,intraday,2654,0.3063300678221552,0.08850936910895653,-0.19224550923619838,1.6763267561037807,0.7161462565547418,-0.1886599896598775,-0.2363094308462137,129.68048229088168,0.613413715146948,0.3214016578749058,0.2792012057272042,0.10738507912584777,-0.20378302072033327,0.552302751801046,0.06731215858106121,-0.35833056451804823,0.9531118967845489,0.30781893004115224,0.3050729673384295,0.024292916428309587,0.14272965403389473
A_S_WMACD,5,close,4958,0.1383622428398548,0.053917043134779685,-0.06213782283377334,1.9049328134869097,0.8202982787507981,-0.06914885752827944,-0.11108221108674046,49.54921339249697,0.8769665187575635,0.7755143202904397,0.0927793465106898,0.030254134731746672,-0.06666875514029076,0.9134367987085606,0.34397864472180295,-0.31810790286293855,0.9624804979751581,0.14488309697201993,0.13111962537249894,0.023461650085747864,0.08774340348596063
A_S_WMACD,5,intraday,5547,0.10726518839012078,0.041378902653304246,-0.05743945931117034,1.8058615131249411,0.8644585951344019,-0.05751698123729613,-0.06799696540657903,38.872723994952224,0.9051739679105822,0.8253109789075176,0.07193077339102218,0.02289525869839553,-0.05579909134581036,0.9690038225574,0.04352730820912787,-0.46853213750552536,0.9327871371864871,0.1155848663658452,0.09827456864216054,0.0150893775673253,0.06978855073008795
A_S_WMACD,7,close,4511,0.1713589004655287,0.07285727152772309,-0.07993631432149129,2.0029721782056296,0.8490871473152566,-0.08766324585691126,-0.13196467543068308,64.73886056306806,0.8357348703170029,0.6960762580359122,0.12635779206384393,0.03790733761915318,-0.08575361954599743,0.8798249629554241,0.14565691925251434,-0.3101692662116027,0.9679243758830177,0.18062605752961083,0.16115510013972986,0.03465168978571646,0.11492433964048683
A_S_WMACD,7,intraday,4845,0.14303405572755418,0.057652736280366754,-0.07728283911514577,1.8781125982140692,0.8620885739777021,-0.07661364992489661,-0.09099950733007045,54.43859649122807,0.8637770897832817,0.7465428276573788,0.104437564499484,0.031785345717234265,-0.07492927779241465,0.8983432346055035,0.08608679318420753,-0.4849937649017748,0.896602368969777,0.15347912524850896,0.1317596566523605,0.025813576613814206,0.09201989789469281
A_S_WMACD,10,close,4085,0.22031823745410037,0.0884629871814586,-0.1070479088211087,1.9877415631911801,0.8080304772051187,-0.1148684856666714,-0.16388340388603806,86.4673194614443,0.7725826193390453,0.5813953488372093,0.17747858017135862,0.049938800489596084,-0.11441149108733847,0.7776684268115164,0.21405752918479548,-0.3869315011986556,0.9797793379400345,0.23368810735770476,0.2053014553014553,0.04728997260446407,0.13470772964553615
A_S_WMACD,10,intraday,4278,0.19985974754558206,0.08174237142166405,-0.1070479088211087,1.97797737305176,0.8272073996796344,-0.10446054974706646,-0.1281227346948245,77.29873772791024,0.7982702197288453,0.6287985039738195,0.15614773258532025,0.0455820476858345,-0.1033202745893121,0.8140586357640553,0.18519503692321382,-0.3702250643978088,0.9645997461264588,0.21329763498438198,0.18507609229258715,0.04143143724322416,0.1260903358271053
A_S_WMACD,15,close,3622,0.3125345113197129,0.1187867053756984,-0.1454591608040997,2.095801852627889,0.7269223899485779,-0.1576830114662693,-0.22341557662707193,121.37575924903368,0.6529541689674213,0.3906681391496411,0.2788514632799558,0.06819436775262286,-0.16192913890395538,0.6469434052335991,0.0589212366256926,-0.4607124845463527,0.952799940834415,0.33505154639175255,0.28656361474435194,0.06719983876309932,0.17828642073149042
A_S_WMACD,15,intraday,3725,0.29208053691275165,0.11222779979436587,-0.15665635833104707,2.0729853292084384,0.7423355771781924,-0.14774840869770972,-0.17725821158958135,112.78442953020134,0.6805369127516778,0.4367785234899329,0.2550335570469799,0.06442953020134229,-0.15055569865581703,0.6720228994340411,-0.057628972987679994,-0.5415035500700902,0.977954338110984,0.3137948458817585,0.2674684994272623,0.062246856720991825,0.16887859380479384
A_S_WMACD,20,close,3350,0.371044776119403,0.1333534258470058,-0.1599695988279325,2.1046177075646018,0.6847610903229678,-0.19194307483814882,-0.2690821751845755,149.07432835820896,0.5385074626865671,0.25283582089552237,0.3773134328358209,0.08417910447761194,-0.2113653417682688,0.5355996462725914,-0.016956083635623842,-0.5303444748463635,0.9622198382038185,0.38946791003839826,0.34905042567125083,0.0696588098538583,0.20939486982572736
A_S_WMACD,20,intraday,3402,0.3586125808348031,0.13131422016132177,-0.17202830154892368,2.111012417361923,0.6957578458940374,-0.18427754124743764,-0.2276120204996684,142.47472075249854,0.5649617871840094,0.2830687830687831,0.35390946502057613,0.08112874779541446,-0.19932632003302206,0.5607001108731655,0.034987800872160024,-0.42244165325450156,0.959484429982077,0.37833424060968973,0.3354632587859425,0.06810164919077713,0.2055132571408045
A_S_XIANREN,5,close,1606,0.1307596513075965,0.05741265471622029,-0.06251072789558337,1.9520349579201608,0.9002612772214289,-0.06937689451450595,-0.10873313596535439,49.13262764632628,0.8866749688667497,0.7783312577833126,0.09339975093399751,0.019925280199252802,-0.06713890961072089,1.0319259931863536,0.23320492390729997,-0.3617758331030948,0.9360940217552755,0.1475748194014448,0.10518053375196232,0.05151792962096523,0.06637966981402588
A_S_XIANREN,5,intraday,1631,0.10974862047823421,0.05080495604704252,-0.05743945931117034,2.005489833226937,0.9233147872853177,-0.0567565176386677,-0.06321062401690591,39.75904353157572,0.9049662783568363,0.8179031269160024,0.07847946045370938,0.01655426118945432,-0.05499567837733384,1.0583000296623941,0.008959989810636504,-0.4135153660584099,0.9810178767531155,0.13123092573753814,0.07716049382716049,0.04267051075040963,0.06314470871153345
A_S_XIANREN,7,close,1572,0.15966921119592875,0.07338877473411337,-0.08057014601038265,2.0017754443663924,0.9184455889114133,-0.08717841705884821,-0.12777412139237213,62.71437659033079,0.8466921119592875,0.7086513994910941,0.12213740458015267,0.031170483460559797,-0.08578025431002562,0.9524509226915782,0.22082318179955318,-0.36659931264378987,0.9498987828573605,0.17827004219409281,0.13141025641025642,0.05725570469956002,0.09789863113276176
A_S_XIANREN,7,intraday,1589,0.14159848961611077,0.06886824435060517,-0.07728283911514577,2.0652381064775667,0.9429394952362113,-0.0753150631635161,-0.08664610625699651,54.66079295154185,0.8678414096916299,0.7482693517935809,0.10635619886721208,0.025802391441157962,-0.07387963093779037,1.0062459587444021,0.07765895024492897,-0.4572562446273093,0.9616546658612323,0.15745568300312826,0.11746031746031746,0.05719186077846259,0.08664229489931106
A_S_XIANREN,10,close,1518,0.21673254281949933,0.09073498164837829,-0.10743505033563044,2.003622551188789,0.8357879957980231,-0.11542350586653603,-0.16381144788330357,85.31620553359684,0.7806324110671937,0.5889328063241107,0.1725955204216074,0.046772068511198944,-0.11501080761848724,0.8228934209313683,0.11126583983480498,-0.34367455620616627,0.9506593724557173,0.23767798466593648,0.18512396694214875,0.0680824722756522,0.1249196776108558
A_S_XIANREN,10,intraday,1545,0.18770226537216828,0.08225174071286181,-0.1070479088211087,1.9769128989863085,0.8867624095028924,-0.10365112299160738,-0.12080106475919283,74.86796116504854,0.8110032362459547,0.6407766990291263,0.14951456310679612,0.039482200647249194,-0.102903930113351,0.8767724788815079,0.11873702013051846,-0.39836635759968897,0.9453771538105453,0.20474137931034483,0.1620745542949757,0.05763785554705427,0.11927230057326603
A_S_XIANREN,15,close,1454,0.3074277854195323,0.1206488043309807,-0.1471766521807789,2.100269921092357,0.7491275652364111,-0.15832836163200584,-0.21716668555885138,119.2414030261348,0.6657496561210454,0.41334250343878953,0.2627235213204952,0.07152682255845942,-0.16204555182543884,0.6837108141240138,0.09741216411910392,-0.4143700755483558,0.9463034919754414,0.32987312572087657,0.27427597955706984,0.09866850410771408,0.1531137452058907
A_S_XIANREN,15,intraday,1467,0.2876618950238582,0.10917627163871477,-0.15665635833104707,2.029772717382199,0.7480867303129861,-0.1488335021034311,-0.17259589775877238,110.63940013633265,0.6932515337423313,0.4601226993865031,0.2419904567143831,0.06475800954328562,-0.15108646465262254,0.6973700556571371,0.15103961502857244,-0.47691537777189774,0.9457302886505324,0.3135011441647597,0.24957841483979765,0.08659924429707586,0.14245168799047264
A_S_XIANREN,20,close,1409,0.3683463449254791,0.13245957073054118,-0.16665574932866867,2.0821173838640905,0.6919230759928365,-0.19378937222578607,-0.27182103944039343,147.33995741660752,0.5486160397444997,0.26969481902058196,0.36053938963804116,0.0908445706174592,-0.2119014591064419,0.5509989985041072,-0.010838956560228596,-0.4250791416571281,0.9353668108342137,0.39454976303317535,0.3292035398230089,0.11126328120564108,0.164122700569507
A_S_XIANREN,20,intraday,1419,0.3587033121916843,0.13015989299253303,-0.1778482711685836,2.0853950093242686,0.6971758029373498,-0.18699515993264476,-0.22696689490446567,139.92882311486963,0.5736434108527132,0.3093727977448908,0.34108527131782945,0.08527131782945736,-0.20044570584463894,0.574974698700728,0.10330698589439136,-0.46699190024666826,0.9455252691399619,0.3872491145218418,0.31643356643356646,0.1106357155416141,0.15907069421793216
RANDOM,5,close,11422,0.1671336018210471,0.05362073485147755,-0.06120335129760268,1.9225488856284387,0.6685855591841142,-0.06978595595594424,-0.11694289501438478,58.53939765365085,0.8520399229556995,0.7142356855191735,0.10821222202766591,0.03974785501663457,-0.06684326195672628,0.7473222833351698,0.08272473942023151,-0.3524358849058391,0.9873857183478825,0.1761297798377752,0.15703400854859692,0.03692847677637292,0.07236036150669167
RANDOM,5,intraday,12942,0.1326688301653531,0.04252983294633843,-0.05743945931117034,1.8568033262817567,0.6947195792840041,-0.05723050509034502,-0.07107432409768395,46.94119919641477,0.8822438572090867,0.7745325297481069,0.08599907278627723,0.03175707000463607,-0.05524781742673581,0.7750923079855522,-0.013943624481556394,-0.4558667245804492,0.9990410539012253,0.14488424197162061,0.1195773971506323,0.030075782449696827,0.05587701848740063
RANDOM,7,close,9910,0.20181634712411706,0.06900450729188541,-0.07913997267803702,1.9842051926697521,0.6893218547391401,-0.08783932265685153,-0.1370335837791574,75.07618567103935,0.8030272452068618,0.6246215943491423,0.14339051463168517,0.053582240161453076,-0.0857920333045679,0.7000858956456638,0.01710406886531235,-0.41781204985529885,0.9788737883120029,0.20930674264007598,0.19332615715823467,0.04711670608361543,0.09381382340847129
RANDOM,7,intraday,10919,0.17162743841011083,0.058874180462929526,-0.07728283911514577,1.9411037605046808,0.7075373918333431,-0.07551994425881231,-0.09277698498948261,63.97041853649602,0.832860152028574,0.683212748420185,0.12089019140946973,0.046249656561956225,-0.0739082509158356,0.7205308549607322,0.06258963404585915,-0.2886737972463195,0.918706349908853,0.18240756965130542,0.159823484267076,0.040406247760257245,0.07909607070355705
RANDOM,10,close,8502,0.2500588096918372,0.08625969794428053,-0.10448666167040199,2.013296979829324,0.6853885853762575,-0.11351257537447466,-0.1694127725957242,96.18419195483416,0.7331216184427194,0.5031757233592096,0.19560103505057633,0.07127734650670431,-0.1136848157831541,0.635512299999415,-0.05810919998446362,-0.5180717016318226,0.9853527242395129,0.25980608197443805,0.23890010090817357,0.060140310256914235,0.11616125730988804
RANDOM,10,intraday,9126,0.22726276572430418,0.07683053246172526,-0.1070479088211087,1.969442100192617,0.6867946396007596,-0.10256049961518303,-0.1257087809549373,86.35207100591715,0.7633136094674556,0.5564321718167872,0.17203594126671048,0.06465044926583388,-0.10188309761986442,0.6531819894748518,0.039584099156948716,-0.4364670214749802,0.98704385622341,0.23779724655819776,0.21560480147737765,0.05555994866350853,0.1003695857231867
RANDOM,15,close,7153,0.3313295120928282,0.10660139509439577,-0.1377855258293902,2.0254681706780358,0.6354860262882595,-0.15546353819631237,-0.22589394742498767,126.71732140360687,0.6176429470152384,0.33230812246609814,0.28435621417587026,0.09800083880889138,-0.16246031006723854,0.5412319667229517,-0.0007192807504077248,-0.41545911144974956,0.9818789894924427,0.3495196052973254,0.31011508176862507,0.07923155983817173,0.1385218177387685
RANDOM,15,intraday,7486,0.31298423724285335,0.0993597663111594,-0.14756979042747015,1.9973241597998117,0.6357704099379253,-0.14501319460999798,-0.17988216865520032,118.66898209991984,0.644402885386054,0.37389794282660965,0.2632914774245258,0.09230563718942025,-0.1498558744495273,0.5509811979526141,-0.004067796928468703,-0.3791930238521668,0.9847995432993939,0.32990208385638964,0.2937482158150157,0.0741095091267733,0.12806995025789356
RANDOM,20,close,6370,0.3901098901098901,0.12274282126429499,-0.12594428792830187,2.0755140078241427,0.6071817902540201,-0.18712354628769132,-0.2696355203820608,152.30863422291995,0.5028257456828885,0.20957613814756673,0.3756671899529042,0.12150706436420722,-0.21049935362675748,0.4597730347710967,0.08556965447642106,-0.38765676458307197,0.9714296063415626,0.41032295271049596,0.36595451412818747,0.08946952016597624,0.16250567729770965
RANDOM,20,intraday,6553,0.3769265985045018,0.11890239626701461,-0.14964460983229422,2.060349792757643,0.6129508114507196,-0.17997087963397768,-0.22683051648876026,145.8913474744392,0.5307492751411568,0.23714329314817642,0.3508316801464978,0.11841904471234549,-0.198302759383064,0.47767947963318486,0.014790210020744876,-0.443928280346082,0.9713636856912475,0.3948631103584533,0.3558139534883721,0.08573161163498241,0.1579469444235894
